location,date,total_cases,new_cases,total_deaths,new_deaths,total_vaccinations
Africa,2021-07-01,5547416.0,42903.0,143728.0,793.0,49084712.0
Africa,2021-07-02,5590590.0,43174.0,144411.0,683.0,49245678.0
Africa,2021-07-03,5633995.0,43405.0,144899.0,488.0,49524849.0
Africa,2021-07-04,5665738.0,31743.0,145525.0,626.0,49901604.0
Africa,2021-07-05,5694097.0,28359.0,147038.0,1513.0,50949060.0
Africa,2021-07-06,5730967.0,36870.0,147872.0,834.0,51389795.0
Africa,2021-07-07,5775391.0,44424.0,148686.0,814.0,51651711.0
Africa,2021-07-08,5822705.0,47314.0,149596.0,910.0,52267214.0
Africa,2021-07-09,5869314.0,46609.0,150470.0,874.0,52562204.0
Africa,2021-07-10,5914780.0,45466.0,151160.0,690.0,52682109.0
Africa,2021-07-11,5950233.0,35453.0,151769.0,609.0,52780382.0
Africa,2021-07-12,5984738.0,34505.0,152397.0,628.0,54383935.0
Africa,2021-07-13,6023213.0,38475.0,153482.0,1085.0,54949068.0
Africa,2021-07-14,6067422.0,44209.0,154541.0,1059.0,55250553.0
Africa,2021-07-15,6116032.0,48610.0,155442.0,901.0,56515050.0
Africa,2021-07-16,6157430.0,41398.0,156446.0,1004.0,56629037.0
Africa,2021-07-17,6196307.0,38877.0,157218.0,772.0,56811495.0
Africa,2021-07-18,6232491.0,36184.0,157893.0,675.0,57078155.0
Africa,2021-07-19,6262726.0,30235.0,158616.0,723.0,58384178.0
Africa,2021-07-20,6296294.0,33568.0,159664.0,1048.0,58739535.0
Africa,2021-07-21,6329693.0,33399.0,160590.0,926.0,58826405.0
Africa,2021-07-22,6368325.0,38632.0,161583.0,993.0,59890150.0
Africa,2021-07-23,6399891.0,31566.0,162382.0,799.0,60260918.0
Africa,2021-07-24,6435262.0,35371.0,163456.0,1074.0,60508020.0
Africa,2021-07-25,6468158.0,32896.0,164341.0,885.0,61197721.0
Africa,2021-07-26,6502301.0,34143.0,165239.0,898.0,62065425.0
Africa,2021-07-27,6533684.0,31383.0,166100.0,861.0,62991777.0
Africa,2021-07-28,6582367.0,48683.0,167111.0,1011.0,63742439.0
Africa,2021-07-29,6630103.0,47736.0,168401.0,1290.0,64829895.0
Africa,2021-07-30,6673126.0,43023.0,169201.0,800.0,65272432.0
Africa,2021-07-31,6709040.0,35914.0,170067.0,866.0,65439582.0
Argentina,2021-07-01,4491551.0,21177.0,94772.0,468.0,20907721.0
Argentina,2021-07-02,4512439.0,20888.0,95382.0,610.0,21310026.0
Argentina,2021-07-03,4526473.0,14034.0,95594.0,212.0,21781425.0
Argentina,2021-07-04,4535473.0,9000.0,95904.0,310.0,22179930.0
Argentina,2021-07-05,4552750.0,17277.0,96521.0,617.0,22444129.0
Argentina,2021-07-06,4574340.0,21590.0,96983.0,462.0,22813398.0
Argentina,2021-07-07,4593763.0,19423.0,97439.0,456.0,23317413.0
Argentina,2021-07-08,4613019.0,19256.0,97904.0,465.0,23722105.0
Argentina,2021-07-09,4627537.0,14518.0,98148.0,244.0,24048381.0
Argentina,2021-07-10,4639098.0,11561.0,98501.0,353.0,24518390.0
Argentina,2021-07-11,4647948.0,8850.0,98781.0,280.0,24616918.0
Argentina,2021-07-12,4662937.0,14989.0,99255.0,474.0,24862187.0
Argentina,2021-07-13,4682960.0,20023.0,99640.0,385.0,25254280.0
Argentina,2021-07-14,4702657.0,19697.0,100250.0,610.0,25718531.0
Argentina,2021-07-15,4719952.0,17295.0,100695.0,445.0,26134815.0
Argentina,2021-07-16,4737213.0,17261.0,101158.0,463.0,26511672.0
Argentina,2021-07-17,4749443.0,12230.0,101434.0,276.0,26934235.0
Argentina,2021-07-18,4756378.0,6935.0,101549.0,115.0,27200110.0
Argentina,2021-07-19,4769142.0,12764.0,101955.0,406.0,27430531.0
Argentina,2021-07-20,4784219.0,15077.0,102381.0,426.0,27825228.0
Argentina,2021-07-21,4798851.0,14632.0,102818.0,437.0,28264151.0
Argentina,2021-07-22,4812351.0,13500.0,103074.0,256.0,28674364.0
Argentina,2021-07-23,4827973.0,15622.0,103359.0,285.0,29075280.0
Argentina,2021-07-24,4839109.0,11136.0,103584.0,225.0,29437762.0
Argentina,2021-07-25,4846615.0,7506.0,103721.0,137.0,29723228.0
Argentina,2021-07-26,4859170.0,12555.0,104105.0,384.0,29880247.0
Argentina,2021-07-27,4875927.0,16757.0,104352.0,247.0,30230385.0
Argentina,2021-07-28,4891810.0,15883.0,104822.0,470.0,30655272.0
Argentina,2021-07-29,4905925.0,14115.0,105113.0,291.0,31075801.0
Argentina,2021-07-30,4919408.0,13483.0,105586.0,473.0,31471074.0
Argentina,2021-07-31,4929764.0,10356.0,105721.0,135.0,31877998.0
Asia,2021-07-01,55980111.0,157392.0,797225.0,2391.0,1940669249.0
Asia,2021-07-02,56127975.0,147864.0,799530.0,2305.0,1965309997.0
Asia,2021-07-03,56271057.0,143082.0,801848.0,2318.0,1991527470.0
Asia,2021-07-04,56415314.0,144257.0,804372.0,2524.0,2009876351.0
Asia,2021-07-05,56564450.0,149136.0,806423.0,2051.0,2031768818.0
Asia,2021-07-06,56730785.0,166335.0,809132.0,2709.0,2053604980.0
Asia,2021-07-07,56901606.0,170821.0,812090.0,2958.0,2074798748.0
Asia,2021-07-08,57084676.0,183070.0,815048.0,2958.0,2103297831.0
Asia,2021-07-09,57261761.0,177085.0,818191.0,3143.0,2120440040.0
Asia,2021-07-10,57432483.0,170722.0,820992.0,2801.0,2141180547.0
Asia,2021-07-11,57603834.0,171351.0,824119.0,3127.0,2155702129.0
Asia,2021-07-12,57782047.0,178213.0,828177.0,4058.0,2173841300.0
Asia,2021-07-13,57978544.0,196497.0,830799.0,2622.0,2197446980.0
Asia,2021-07-14,58187883.0,209339.0,833682.0,2883.0,2222653868.0
Asia,2021-07-15,58408807.0,220924.0,836584.0,2902.0,2246513222.0
Asia,2021-07-16,58619103.0,210296.0,839716.0,3132.0,2268781089.0
Asia,2021-07-17,58820804.0,201701.0,842656.0,2940.0,2288788635.0
Asia,2021-07-18,59005547.0,184743.0,845970.0,3314.0,2302054687.0
Asia,2021-07-19,59191627.0,186080.0,849243.0,3273.0,2325988834.0
Asia,2021-07-20,59411903.0,220276.0,855902.0,6659.0,2347853499.0
Asia,2021-07-21,59615039.0,203136.0,859209.0,3307.0,2369666298.0
Asia,2021-07-22,59819229.0,204190.0,862464.0,3255.0,2396805513.0
Asia,2021-07-23,60056799.0,237570.0,865338.0,2874.0,2423268882.0
Asia,2021-07-24,60246624.0,189825.0,869559.0,4221.0,2446287111.0
Asia,2021-07-25,60483175.0,236551.0,873581.0,4022.0,2466093092.0
Asia,2021-07-26,60696955.0,213780.0,877353.0,3772.0,2497932670.0
Asia,2021-07-27,60966200.0,269245.0,881829.0,4476.0,2527538418.0
Asia,2021-07-28,61240034.0,273834.0,886249.0,4420.0,2558181395.0
Asia,2021-07-29,61512347.0,272313.0,890912.0,4663.0,2592781737.0
Asia,2021-07-30,61769657.0,257310.0,895136.0,4224.0,2624862773.0
Asia,2021-07-31,62012244.0,242587.0,899517.0,4381.0,2648245082.0
Austria,2021-07-01,650474.0,62.0,10706.0,4.0,7948440.0
Austria,2021-07-02,650569.0,95.0,10709.0,3.0,8063044.0
Austria,2021-07-03,650662.0,93.0,10709.0,0.0,8133949.0
Austria,2021-07-04,650737.0,75.0,10709.0,0.0,8188546.0
Austria,2021-07-05,650817.0,80.0,10713.0,4.0,8234814.0
Austria,2021-07-06,650901.0,84.0,10718.0,5.0,8317359.0
Austria,2021-07-07,651008.0,107.0,10719.0,1.0,8412187.0
Austria,2021-07-08,651128.0,120.0,10721.0,2.0,8509640.0
Austria,2021-07-09,651291.0,163.0,10722.0,1.0,8599801.0
Austria,2021-07-10,651453.0,162.0,10723.0,1.0,8651313.0
Austria,2021-07-11,651612.0,159.0,10723.0,0.0,8682258.0
Austria,2021-07-12,651804.0,192.0,10723.0,0.0,8718609.0
Austria,2021-07-13,652022.0,218.0,10724.0,1.0,8793549.0
Austria,2021-07-14,652354.0,332.0,10726.0,2.0,8875236.0
Austria,2021-07-15,652660.0,306.0,10727.0,1.0,8939648.0
Austria,2021-07-16,653001.0,341.0,10728.0,1.0,9021076.0
Austria,2021-07-17,653412.0,411.0,10728.0,0.0,9072376.0
Austria,2021-07-18,653735.0,323.0,10729.0,1.0,9100677.0
Austria,2021-07-19,653998.0,263.0,10729.0,0.0,9132413.0
Austria,2021-07-20,654314.0,316.0,10729.0,0.0,9179889.0
Austria,2021-07-21,654745.0,431.0,10729.0,0.0,9247326.0
Austria,2021-07-22,655197.0,452.0,10730.0,1.0,9316852.0
Austria,2021-07-23,655589.0,392.0,10730.0,0.0,9388239.0
Austria,2021-07-24,655938.0,349.0,10731.0,1.0,9439230.0
Austria,2021-07-25,656270.0,332.0,10731.0,0.0,9467612.0
Austria,2021-07-26,656582.0,312.0,10732.0,1.0,9498102.0
Austria,2021-07-27,656949.0,367.0,10737.0,5.0,9551969.0
Austria,2021-07-28,657501.0,552.0,10737.0,0.0,9608247.0
Austria,2021-07-29,658004.0,503.0,10737.0,0.0,9652886.0
Austria,2021-07-30,658518.0,514.0,10737.0,0.0,9708597.0
Austria,2021-07-31,659056.0,538.0,10737.0,0.0,9744189.0
Bahrain,2021-07-01,265975.0,148.0,1353.0,1.0,2128340.0
Bahrain,2021-07-02,266140.0,165.0,1356.0,3.0,2133703.0
Bahrain,2021-07-03,266286.0,146.0,1358.0,2.0,2139789.0
Bahrain,2021-07-04,266426.0,140.0,1360.0,2.0,2147153.0
Bahrain,2021-07-05,266557.0,131.0,1363.0,3.0,2154001.0
Bahrain,2021-07-06,266685.0,128.0,1366.0,3.0,2159252.0
Bahrain,2021-07-07,266797.0,112.0,1367.0,1.0,2166288.0
Bahrain,2021-07-08,266919.0,122.0,1371.0,4.0,2173357.0
Bahrain,2021-07-09,267038.0,119.0,1374.0,3.0,2180164.0
Bahrain,2021-07-10,267112.0,74.0,1376.0,2.0,2186552.0
Bahrain,2021-07-11,267212.0,100.0,1377.0,1.0,2193232.0
Bahrain,2021-07-12,267324.0,112.0,1378.0,1.0,2201080.0
Bahrain,2021-07-13,267400.0,76.0,1378.0,0.0,2208740.0
Bahrain,2021-07-14,267505.0,105.0,1378.0,0.0,2215966.0
Bahrain,2021-07-15,267619.0,114.0,1379.0,1.0,2224916.0
Bahrain,2021-07-16,267727.0,108.0,1379.0,0.0,2230234.0
Bahrain,2021-07-17,267796.0,69.0,1380.0,1.0,2235176.0
Bahrain,2021-07-18,267882.0,86.0,1380.0,0.0,2241494.0
Bahrain,2021-07-19,267949.0,67.0,1380.0,0.0,2245278.0
Bahrain,2021-07-20,268027.0,78.0,1380.0,0.0,2248554.0
Bahrain,2021-07-21,268092.0,65.0,1381.0,1.0,2252463.0
Bahrain,2021-07-22,268225.0,133.0,1381.0,0.0,2257391.0
Bahrain,2021-07-23,268338.0,113.0,1381.0,0.0,2262698.0
Bahrain,2021-07-24,268413.0,75.0,1382.0,1.0,2266289.0
Bahrain,2021-07-25,268541.0,128.0,1383.0,1.0,2274536.0
Bahrain,2021-07-26,268626.0,85.0,1383.0,0.0,2278934.0
Bahrain,2021-07-27,268731.0,105.0,1383.0,0.0,2283715.0
Bahrain,2021-07-28,268846.0,115.0,1383.0,0.0,2287637.0
Bahrain,2021-07-29,268974.0,128.0,1384.0,1.0,2291441.0
Bahrain,2021-07-30,269080.0,106.0,1384.0,0.0,2297602.0
Bahrain,2021-07-31,269186.0,106.0,1384.0,0.0,2305354.0
Belgium,2021-07-01,1085885.0,754.0,25180.0,7.0,11176072.0
Belgium,2021-07-02,1086508.0,623.0,25185.0,5.0,11290327.0
Belgium,2021-07-03,1086508.0,0.0,25185.0,0.0,11379296.0
Belgium,2021-07-04,1086508.0,0.0,25185.0,0.0,11393598.0
Belgium,2021-07-05,1088363.0,1855.0,25190.0,5.0,11513974.0
Belgium,2021-07-06,1089105.0,742.0,25194.0,4.0,11629538.0
Belgium,2021-07-07,1091095.0,1990.0,25196.0,2.0,11788738.0
Belgium,2021-07-08,1092477.0,1382.0,25196.0,0.0,11954000.0
Belgium,2021-07-09,1093700.0,1223.0,25198.0,2.0,12101758.0
Belgium,2021-07-10,1093700.0,0.0,25198.0,0.0,12230540.0
Belgium,2021-07-11,1093700.0,0.0,25198.0,0.0,12261643.0
Belgium,2021-07-12,1097029.0,3329.0,25205.0,7.0,12407811.0
Belgium,2021-07-13,1098332.0,1303.0,25207.0,2.0,12525202.0
Belgium,2021-07-14,1100616.0,2284.0,25207.0,0.0,12672758.0
Belgium,2021-07-15,1102069.0,1453.0,25208.0,1.0,12808312.0
Belgium,2021-07-16,1103413.0,1344.0,25209.0,1.0,12946260.0
Belgium,2021-07-17,1103413.0,0.0,25209.0,0.0,13048310.0
Belgium,2021-07-18,1103413.0,0.0,25209.0,0.0,13063133.0
Belgium,2021-07-19,1107208.0,3795.0,25213.0,4.0,13192036.0
Belgium,2021-07-20,1108675.0,1467.0,25213.0,0.0,13314081.0
Belgium,2021-07-21,1108675.0,0.0,25213.0,0.0,13414527.0
Belgium,2021-07-22,1112161.0,3486.0,25217.0,4.0,13599492.0
Belgium,2021-07-23,1112161.0,0.0,25217.0,0.0,13762643.0
Belgium,2021-07-24,1113465.0,1304.0,25220.0,3.0,13860426.0
Belgium,2021-07-25,1113465.0,0.0,25220.0,0.0,13874378.0
Belgium,2021-07-26,1117697.0,4232.0,25228.0,8.0,13992441.0
Belgium,2021-07-27,1119030.0,1333.0,25230.0,2.0,14103117.0
Belgium,2021-07-28,1121089.0,2059.0,25231.0,1.0,14261238.0
Belgium,2021-07-29,1122951.0,1862.0,25235.0,4.0,14408838.0
Belgium,2021-07-30,1124715.0,1764.0,25241.0,6.0,14551282.0
Belgium,2021-07-31,1124715.0,0.0,25241.0,0.0,14637207.0
Cambodia,2021-07-01,51384.0,999.0,628.0,26.0,7408517.0
Cambodia,2021-07-02,52350.0,966.0,660.0,32.0,7558008.0
Cambodia,2021-07-03,53298.0,948.0,696.0,36.0,7690814.0
Cambodia,2021-07-04,54291.0,993.0,720.0,24.0,7814310.0
Cambodia,2021-07-05,55187.0,896.0,748.0,28.0,7929378.0
Cambodia,2021-07-06,56122.0,935.0,779.0,31.0,8031138.0
Cambodia,2021-07-07,57103.0,981.0,798.0,19.0,8142185.0
Cambodia,2021-07-08,58057.0,954.0,825.0,27.0,8272286.0
Cambodia,2021-07-09,59045.0,988.0,855.0,30.0,8421951.0
Cambodia,2021-07-10,59978.0,933.0,881.0,26.0,8560543.0
Cambodia,2021-07-11,60959.0,981.0,902.0,21.0,8700167.0
Cambodia,2021-07-12,61870.0,911.0,925.0,23.0,8862995.0
Cambodia,2021-07-13,62700.0,830.0,953.0,28.0,9052857.0
Cambodia,2021-07-14,63615.0,915.0,986.0,33.0,9242925.0
Cambodia,2021-07-15,64611.0,996.0,1025.0,39.0,9453858.0
Cambodia,2021-07-16,65500.0,889.0,1052.0,27.0,9674498.0
Cambodia,2021-07-17,66336.0,836.0,1076.0,24.0,9877592.0
Cambodia,2021-07-18,67181.0,845.0,1106.0,30.0,10043602.0
Cambodia,2021-07-19,67971.0,790.0,1128.0,22.0,10217096.0
Cambodia,2021-07-20,68796.0,825.0,1149.0,21.0,10398348.0
Cambodia,2021-07-21,69608.0,812.0,1168.0,19.0,10588170.0
Cambodia,2021-07-22,70419.0,811.0,1188.0,20.0,10759533.0
Cambodia,2021-07-23,71244.0,825.0,1222.0,34.0,10915733.0
Cambodia,2021-07-24,72104.0,860.0,1254.0,32.0,11079725.0
Cambodia,2021-07-25,72923.0,819.0,1283.0,29.0,11223465.0
Cambodia,2021-07-26,73701.0,778.0,1305.0,22.0,11379554.0
Cambodia,2021-07-27,74386.0,685.0,1324.0,19.0,11528264.0
Cambodia,2021-07-28,75152.0,766.0,1339.0,15.0,11670617.0
Cambodia,2021-07-29,75917.0,765.0,1350.0,11.0,11802138.0
Cambodia,2021-07-30,76585.0,668.0,1375.0,25.0,11962852.0
Cambodia,2021-07-31,77243.0,658.0,1397.0,22.0,12088317.0
Canada,2021-07-01,1423321.0,151.0,26315.0,19.0,37824663.0
Canada,2021-07-02,1424160.0,839.0,26339.0,24.0,38417799.0
Canada,2021-07-03,1424502.0,342.0,26349.0,10.0,38777042.0
Canada,2021-07-04,1424784.0,282.0,26361.0,12.0,39098901.0
Canada,2021-07-05,1425594.0,810.0,26369.0,8.0,39701386.0
Canada,2021-07-06,1425884.0,290.0,26382.0,13.0,40187887.0
Canada,2021-07-07,1426435.0,551.0,26388.0,6.0,40691665.0
Canada,2021-07-08,1427027.0,592.0,26406.0,18.0,41312866.0
Canada,2021-07-09,1427582.0,555.0,26420.0,14.0,41859123.0
Canada,2021-07-10,1427899.0,317.0,26429.0,9.0,42223929.0
Canada,2021-07-11,1428162.0,263.0,26437.0,8.0,42509643.0
Canada,2021-07-12,1428689.0,527.0,26440.0,3.0,43014172.0
Canada,2021-07-13,1429029.0,340.0,26451.0,11.0,43429836.0
Canada,2021-07-14,1429369.0,340.0,26459.0,8.0,43856641.0
Canada,2021-07-15,1429747.0,378.0,26473.0,14.0,44293659.0
Canada,2021-07-16,1430127.0,380.0,26490.0,17.0,44726461.0
Canada,2021-07-17,1430437.0,310.0,26494.0,4.0,45027522.0
Canada,2021-07-18,1430740.0,303.0,26501.0,7.0,45252632.0
Canada,2021-07-19,1431378.0,638.0,26505.0,4.0,45679090.0
Canada,2021-07-20,1431691.0,313.0,26509.0,4.0,46016453.0
Canada,2021-07-21,1432208.0,517.0,26513.0,4.0,46402153.0
Canada,2021-07-22,1432606.0,398.0,26527.0,14.0,46783901.0
Canada,2021-07-23,1433200.0,594.0,26540.0,13.0,47140311.0
Canada,2021-07-24,1433525.0,325.0,26545.0,5.0,47388172.0
Canada,2021-07-25,1433792.0,267.0,26549.0,4.0,47585222.0
Canada,2021-07-26,1434866.0,1074.0,26554.0,5.0,47976246.0
Canada,2021-07-27,1435403.0,537.0,26561.0,7.0,48255004.0
Canada,2021-07-28,1436199.0,796.0,26571.0,10.0,48530223.0
Canada,2021-07-29,1437111.0,912.0,26577.0,6.0,48799649.0
Canada,2021-07-30,1438021.0,910.0,26593.0,16.0,49060682.0
Canada,2021-07-31,1438457.0,436.0,26599.0,6.0,49230614.0
Chile,2021-07-01,1558557.0,2655.0,32588.0,43.0,23267145.0
Chile,2021-07-02,1562613.0,4056.0,32809.0,221.0,23408974.0
Chile,2021-07-03,1566461.0,3848.0,32973.0,164.0,23446956.0
Chile,2021-07-04,1569784.0,3323.0,33103.0,130.0,23451465.0
Chile,2021-07-05,1572608.0,2824.0,33249.0,146.0,23606552.0
Chile,2021-07-06,1574465.0,1857.0,33288.0,39.0,23736878.0
Chile,2021-07-07,1576336.0,1871.0,33328.0,40.0,23899043.0
Chile,2021-07-08,1579591.0,3255.0,33514.0,186.0,24055713.0
Chile,2021-07-09,1582391.0,2800.0,33636.0,122.0,24195231.0
Chile,2021-07-10,1585160.0,2769.0,33767.0,131.0,24238653.0
Chile,2021-07-11,1587478.0,2318.0,33877.0,110.0,24243762.0
Chile,2021-07-12,1589623.0,2145.0,33980.0,103.0,24423540.0
Chile,2021-07-13,1590887.0,1264.0,34016.0,36.0,24607593.0
Chile,2021-07-14,1592130.0,1243.0,34049.0,33.0,24770515.0
Chile,2021-07-15,1594496.0,2366.0,34207.0,158.0,24937899.0
Chile,2021-07-16,1596549.0,2053.0,34309.0,102.0,24942728.0
Chile,2021-07-17,1598481.0,1932.0,34403.0,94.0,24966620.0
Chile,2021-07-18,1599879.0,1398.0,34514.0,111.0,24968854.0
Chile,2021-07-19,1600883.0,1004.0,34539.0,25.0,25092210.0
Chile,2021-07-20,1601858.0,975.0,34569.0,30.0,25226636.0
Chile,2021-07-21,1602854.0,996.0,34611.0,42.0,25331497.0
Chile,2021-07-22,1604713.0,1859.0,34792.0,181.0,25409920.0
Chile,2021-07-23,1606358.0,1645.0,34875.0,83.0,25526027.0
Chile,2021-07-24,1607749.0,1391.0,34958.0,83.0,25560649.0
Chile,2021-07-25,1609177.0,1428.0,35026.0,68.0,25563612.0
Chile,2021-07-26,1610345.0,1168.0,35119.0,93.0,25620410.0
Chile,2021-07-27,1611090.0,745.0,35151.0,32.0,25671504.0
Chile,2021-07-28,1611917.0,827.0,35176.0,25.0,25706685.0
Chile,2021-07-29,1613288.0,1371.0,35295.0,119.0,25797013.0
Chile,2021-07-30,1614629.0,1341.0,35366.0,71.0,25873804.0
Chile,2021-07-31,1615771.0,1142.0,35448.0,82.0,25885011.0
Estonia,2021-07-01,131085.0,21.0,1269.0,0.0,963103.0
Estonia,2021-07-02,131123.0,38.0,1269.0,0.0,970504.0
Estonia,2021-07-03,131161.0,38.0,1269.0,0.0,975535.0
Estonia,2021-07-04,131188.0,27.0,1269.0,0.0,981061.0
Estonia,2021-07-05,131207.0,19.0,1270.0,1.0,985678.0
Estonia,2021-07-06,131257.0,50.0,1270.0,0.0,994024.0
Estonia,2021-07-07,131299.0,42.0,1270.0,0.0,1000624.0
Estonia,2021-07-08,131357.0,58.0,1270.0,0.0,1008731.0
Estonia,2021-07-09,131396.0,39.0,1270.0,0.0,1015358.0
Estonia,2021-07-10,131460.0,64.0,1270.0,0.0,1018631.0
Estonia,2021-07-11,131487.0,27.0,1270.0,0.0,1023377.0
Estonia,2021-07-12,131508.0,21.0,1270.0,0.0,1027839.0
Estonia,2021-07-13,131562.0,54.0,1270.0,0.0,1034477.0
Estonia,2021-07-14,131618.0,56.0,1270.0,0.0,1041612.0
Estonia,2021-07-15,131681.0,63.0,1271.0,1.0,1049110.0
Estonia,2021-07-16,131743.0,62.0,1271.0,0.0,1054103.0
Estonia,2021-07-17,131807.0,64.0,1271.0,0.0,1055980.0
Estonia,2021-07-18,131848.0,41.0,1271.0,0.0,1060313.0
Estonia,2021-07-19,131882.0,34.0,1271.0,0.0,1066162.0
Estonia,2021-07-20,131963.0,81.0,1271.0,0.0,1074317.0
Estonia,2021-07-21,132059.0,96.0,1271.0,0.0,1081216.0
Estonia,2021-07-22,132179.0,120.0,1271.0,0.0,1088953.0
Estonia,2021-07-23,132262.0,83.0,1271.0,0.0,1096379.0
Estonia,2021-07-24,132368.0,106.0,1271.0,0.0,1099722.0
Estonia,2021-07-25,132458.0,90.0,1271.0,0.0,1102939.0
Estonia,2021-07-26,132524.0,66.0,1271.0,0.0,1108530.0
Estonia,2021-07-27,132717.0,193.0,1271.0,0.0,1114665.0
Estonia,2021-07-28,132891.0,174.0,1271.0,0.0,1120185.0
Estonia,2021-07-29,133111.0,220.0,1272.0,1.0,1125406.0
Estonia,2021-07-30,133308.0,197.0,1272.0,0.0,1130545.0
Estonia,2021-07-31,133557.0,249.0,1272.0,0.0,1133508.0
Europe,2021-07-01,48339963.0,78692.0,1106299.0,1033.0,518049964.0
Europe,2021-07-02,48416904.0,76941.0,1107276.0,977.0,522897312.0
Europe,2021-07-03,48479595.0,62691.0,1108161.0,885.0,526373324.0
Europe,2021-07-04,48539988.0,60393.0,1108903.0,742.0,530632079.0
Europe,2021-07-05,48635569.0,95581.0,1109840.0,937.0,535267905.0
Europe,2021-07-06,48719858.0,84289.0,1110873.0,1033.0,540812730.0
Europe,2021-07-07,48816256.0,96398.0,1111916.0,1043.0,546470927.0
Europe,2021-07-08,48915600.0,99344.0,1112991.0,1075.0,551612393.0
Europe,2021-07-09,49026106.0,110506.0,1113940.0,949.0,556586116.0
Europe,2021-07-10,49111209.0,85103.0,1114832.0,892.0,559808548.0
Europe,2021-07-11,49191629.0,80420.0,1115656.0,824.0,563563345.0
Europe,2021-07-12,49309566.0,117937.0,1116526.0,870.0,567976111.0
Europe,2021-07-13,49446873.0,137307.0,1117594.0,1068.0,573269415.0
Europe,2021-07-14,49572293.0,125420.0,1118603.0,1009.0,578899983.0
Europe,2021-07-15,49716226.0,143933.0,1119626.0,1023.0,584119439.0
Europe,2021-07-16,49867618.0,151392.0,1120628.0,1002.0,589704360.0
Europe,2021-07-17,49987695.0,120077.0,1121554.0,926.0,592839520.0
Europe,2021-07-18,50098027.0,110332.0,1122411.0,857.0,597062070.0
Europe,2021-07-19,50255900.0,157873.0,1123287.0,876.0,600650787.0
Europe,2021-07-20,50401268.0,145368.0,1124363.0,1076.0,606595672.0
Europe,2021-07-21,50550805.0,149537.0,1125409.0,1046.0,611575879.0
Europe,2021-07-22,50699617.0,148812.0,1126484.0,1075.0,616560317.0
Europe,2021-07-23,50839761.0,140144.0,1127514.0,1030.0,621241878.0
Europe,2021-07-24,50948262.0,108501.0,1128543.0,1029.0,623520045.0
Europe,2021-07-25,51037286.0,89024.0,1129415.0,872.0,626546193.0
Europe,2021-07-26,51176977.0,139691.0,1130371.0,956.0,630434679.0
Europe,2021-07-27,51305299.0,128322.0,1131520.0,1149.0,635085136.0
Europe,2021-07-28,51440033.0,134734.0,1132798.0,1278.0,639776157.0
Europe,2021-07-29,51578601.0,138568.0,1133785.0,987.0,644396813.0
Europe,2021-07-30,51712054.0,133453.0,1134904.0,1119.0,648477543.0
Europe,2021-07-31,51811244.0,99190.0,1135932.0,1028.0,651378542.0
European Union,2021-07-01,32762131.0,25187.0,739813.0,275.0,373736758.0
European Union,2021-07-02,32786578.0,24447.0,740035.0,222.0,377160455.0
European Union,2021-07-03,32798283.0,11705.0,740152.0,117.0,379464465.0
European Union,2021-07-04,32808088.0,9805.0,740190.0,38.0,383093804.0
European Union,2021-07-05,32850514.0,42426.0,740432.0,242.0,386901382.0
European Union,2021-07-06,32880879.0,30365.0,740656.0,224.0,390676052.0
European Union,2021-07-07,32918848.0,37969.0,740891.0,235.0,395028866.0
European Union,2021-07-08,32958984.0,40136.0,741158.0,267.0,399025933.0
European Union,2021-07-09,33005053.0,46069.0,741319.0,161.0,402422619.0
European Union,2021-07-10,33031185.0,26132.0,741401.0,82.0,404531158.0
European Union,2021-07-11,33053615.0,22430.0,741430.0,29.0,407842601.0
European Union,2021-07-12,33109423.0,55808.0,741558.0,128.0,411627496.0
European Union,2021-07-13,33183460.0,74037.0,741742.0,184.0,415575671.0
European Union,2021-07-14,33240373.0,56913.0,741874.0,132.0,419500057.0
European Union,2021-07-15,33307600.0,67227.0,742005.0,131.0,423512554.0
European Union,2021-07-16,33378701.0,71101.0,742129.0,124.0,426631065.0
European Union,2021-07-17,33416751.0,38050.0,742188.0,59.0,429220534.0
European Union,2021-07-18,33452597.0,35846.0,742230.0,42.0,432012036.0
European Union,2021-07-19,33542097.0,89500.0,742350.0,120.0,435057337.0
European Union,2021-07-20,33614264.0,72167.0,742499.0,149.0,438744637.0
European Union,2021-07-21,33692864.0,78600.0,742648.0,149.0,442504141.0
European Union,2021-07-22,33773539.0,80675.0,742802.0,154.0,446306760.0
European Union,2021-07-23,33850253.0,76714.0,742932.0,130.0,449194892.0
European Union,2021-07-24,33900532.0,50279.0,743033.0,101.0,450920751.0
European Union,2021-07-25,33934771.0,34239.0,743074.0,41.0,453331073.0
European Union,2021-07-26,34022664.0,87893.0,743266.0,192.0,456550902.0
European Union,2021-07-27,34101338.0,78674.0,743451.0,185.0,459852749.0
European Union,2021-07-28,34184369.0,83031.0,743770.0,319.0,463411709.0
European Union,2021-07-29,34264443.0,80074.0,743823.0,53.0,466575707.0
European Union,2021-07-30,34340665.0,76222.0,744047.0,224.0,469250470.0
European Union,2021-07-31,34387248.0,46583.0,744184.0,137.0,470860467.0
France,2021-07-01,5840067.0,2664.0,111288.0,29.0,55546069.0
France,2021-07-02,5842754.0,2687.0,111312.0,24.0,56291692.0
France,2021-07-03,5845760.0,3006.0,111329.0,17.0,56801558.0
France,2021-07-04,5848365.0,2605.0,111340.0,11.0,56998969.0
France,2021-07-05,5849167.0,802.0,111377.0,37.0,57584525.0
France,2021-07-06,5852755.0,3588.0,111412.0,35.0,58254883.0
France,2021-07-07,5856838.0,4083.0,111440.0,28.0,58904946.0
France,2021-07-08,5861284.0,4446.0,111465.0,25.0,59559526.0
France,2021-07-09,5865864.0,4580.0,111483.0,18.0,60297509.0
France,2021-07-10,5870560.0,4696.0,111502.0,19.0,60784944.0
France,2021-07-11,5874874.0,4314.0,111507.0,5.0,60954574.0
France,2021-07-12,5876142.0,1268.0,111535.0,28.0,61601016.0
France,2021-07-13,5883100.0,6958.0,111589.0,54.0,62415428.0
France,2021-07-14,5884550.0,1450.0,111595.0,6.0,62752506.0
France,2021-07-15,5895608.0,11058.0,111611.0,16.0,63600915.0
France,2021-07-16,5906543.0,10935.0,111633.0,22.0,64476472.0
France,2021-07-17,5917548.0,11005.0,111649.0,16.0,65055466.0
France,2021-07-18,5930080.0,12532.0,111654.0,5.0,65279648.0
France,2021-07-19,5934273.0,4193.0,111674.0,20.0,65989912.0
France,2021-07-20,5952490.0,18217.0,111707.0,33.0,66818934.0
France,2021-07-21,5974063.0,21573.0,111729.0,22.0,67622038.0
France,2021-07-22,5996163.0,22100.0,111741.0,12.0,68450299.0
France,2021-07-23,6015572.0,19409.0,111778.0,37.0,69311264.0
France,2021-07-24,6041313.0,25741.0,111800.0,22.0,69866142.0
France,2021-07-25,6056555.0,15242.0,111806.0,6.0,70066767.0
France,2021-07-26,6061969.0,5414.0,111852.0,46.0,70737522.0
France,2021-07-27,6089097.0,27128.0,111881.0,29.0,71520948.0
France,2021-07-28,6117020.0,27923.0,111925.0,44.0,72269296.0
France,2021-07-29,6142449.0,25429.0,111954.0,29.0,73034544.0
France,2021-07-30,6166759.0,24310.0,112017.0,63.0,73797902.0
France,2021-07-31,6190621.0,23862.0,112061.0,44.0,74267909.0
Greece,2021-07-01,423185.0,729.0,12691.0,4.0,8475823.0
Greece,2021-07-02,424165.0,980.0,12701.0,10.0,8559280.0
Greece,2021-07-03,425347.0,1182.0,12710.0,9.0,8641748.0
Greece,2021-07-04,425964.0,617.0,12716.0,6.0,8710475.0
Greece,2021-07-05,426963.0,999.0,12722.0,6.0,8802118.0
Greece,2021-07-06,429144.0,2181.0,12730.0,8.0,8884422.0
Greece,2021-07-07,430960.0,1816.0,12739.0,9.0,8966023.0
Greece,2021-07-08,433021.0,2061.0,12749.0,10.0,9050766.0
Greece,2021-07-09,435018.0,1997.0,12761.0,12.0,9138465.0
Greece,2021-07-10,437345.0,2327.0,12763.0,2.0,9228699.0
Greece,2021-07-11,438809.0,1464.0,12768.0,5.0,9233521.0
Greece,2021-07-12,440872.0,2063.0,12778.0,10.0,9325449.0
Greece,2021-07-13,444783.0,3911.0,12782.0,4.0,9409245.0
Greece,2021-07-14,447718.0,2935.0,12789.0,7.0,9485402.0
Greece,2021-07-15,450512.0,2794.0,12795.0,6.0,9560592.0
Greece,2021-07-16,453200.0,2688.0,12809.0,14.0,9637701.0
Greece,2021-07-17,455754.0,2554.0,12816.0,7.0,9717834.0
Greece,2021-07-18,457312.0,1558.0,12826.0,10.0,9723233.0
Greece,2021-07-19,459146.0,1834.0,12834.0,8.0,9807851.0
Greece,2021-07-20,463473.0,4327.0,12843.0,9.0,9880514.0
Greece,2021-07-21,466441.0,2968.0,12846.0,3.0,9950017.0
Greece,2021-07-22,469042.0,2601.0,12851.0,5.0,10025958.0
Greece,2021-07-23,471894.0,2852.0,12858.0,7.0,10093195.0
Greece,2021-07-24,474366.0,2472.0,12866.0,8.0,10160738.0
Greece,2021-07-25,475919.0,1553.0,12874.0,8.0,10162629.0
Greece,2021-07-26,477975.0,2056.0,12879.0,5.0,10237691.0
Greece,2021-07-27,482145.0,4170.0,12887.0,8.0,10304614.0
Greece,2021-07-28,485015.0,2870.0,12902.0,15.0,10362660.0
Greece,2021-07-29,487709.0,2694.0,12911.0,9.0,10417610.0
Greece,2021-07-30,490552.0,2843.0,12923.0,12.0,10475917.0
Greece,2021-07-31,493304.0,2752.0,12940.0,17.0,10536457.0
Hong Kong,2021-07-01,11927.0,4.0,211.0,0.0,3777005.0
Hong Kong,2021-07-02,11938.0,11.0,211.0,0.0,3847120.0
Hong Kong,2021-07-03,11939.0,1.0,211.0,0.0,3908843.0
Hong Kong,2021-07-04,11942.0,3.0,211.0,0.0,3961791.0
Hong Kong,2021-07-05,11943.0,1.0,212.0,1.0,4026434.0
Hong Kong,2021-07-06,11944.0,1.0,212.0,0.0,4086291.0
Hong Kong,2021-07-07,11945.0,1.0,212.0,0.0,4143565.0
Hong Kong,2021-07-08,11948.0,3.0,212.0,0.0,4207317.0
Hong Kong,2021-07-09,11949.0,1.0,212.0,0.0,4277565.0
Hong Kong,2021-07-10,11950.0,1.0,212.0,0.0,4341709.0
Hong Kong,2021-07-11,11951.0,1.0,212.0,0.0,4396749.0
Hong Kong,2021-07-12,11951.0,0.0,212.0,0.0,4458510.0
Hong Kong,2021-07-13,11952.0,1.0,212.0,0.0,4518302.0
Hong Kong,2021-07-14,11955.0,3.0,212.0,0.0,4575603.0
Hong Kong,2021-07-15,11955.0,0.0,212.0,0.0,4638971.0
Hong Kong,2021-07-16,11956.0,1.0,212.0,0.0,4707955.0
Hong Kong,2021-07-17,11956.0,0.0,212.0,0.0,4771409.0
Hong Kong,2021-07-18,11958.0,2.0,212.0,0.0,4826728.0
Hong Kong,2021-07-19,11958.0,0.0,212.0,0.0,4891876.0
Hong Kong,2021-07-20,11965.0,7.0,212.0,0.0,4953576.0
Hong Kong,2021-07-21,11970.0,5.0,212.0,0.0,5014393.0
Hong Kong,2021-07-22,11971.0,1.0,212.0,0.0,5078658.0
Hong Kong,2021-07-23,11973.0,2.0,212.0,0.0,5149442.0
Hong Kong,2021-07-24,11975.0,2.0,212.0,0.0,5213988.0
Hong Kong,2021-07-25,11978.0,3.0,212.0,0.0,5269995.0
Hong Kong,2021-07-26,11978.0,0.0,212.0,0.0,5336712.0
Hong Kong,2021-07-27,11979.0,1.0,212.0,0.0,5401593.0
Hong Kong,2021-07-28,11980.0,1.0,212.0,0.0,5464810.0
Hong Kong,2021-07-29,11982.0,2.0,212.0,0.0,5527894.0
Hong Kong,2021-07-30,11984.0,2.0,212.0,0.0,5598190.0
Hong Kong,2021-07-31,11984.0,0.0,212.0,0.0,5663216.0
Indonesia,2021-07-01,2203108.0,24836.0,58995.0,504.0,44160960.0
Indonesia,2021-07-02,2228938.0,25830.0,59534.0,539.0,44661928.0
Indonesia,2021-07-03,2256851.0,27913.0,60027.0,493.0,45495972.0
Indonesia,2021-07-04,2284084.0,27233.0,60582.0,555.0,46043309.0
Indonesia,2021-07-05,2313829.0,29745.0,61140.0,558.0,46338202.0
Indonesia,2021-07-06,2345018.0,31189.0,61868.0,728.0,47444009.0
Indonesia,2021-07-07,2379397.0,34379.0,62908.0,1040.0,48483610.0
Indonesia,2021-07-08,2417788.0,38391.0,63760.0,852.0,49483188.0
Indonesia,2021-07-09,2455912.0,38124.0,64631.0,871.0,50644144.0
Indonesia,2021-07-10,2491006.0,35094.0,65457.0,826.0,51162406.0
Indonesia,2021-07-11,2527203.0,36197.0,66464.0,1007.0,51278367.0
Indonesia,2021-07-12,2567630.0,40427.0,67355.0,891.0,51404659.0
Indonesia,2021-07-13,2615529.0,47899.0,68219.0,864.0,51433567.0
Indonesia,2021-07-14,2670046.0,54517.0,69210.0,991.0,54520987.0
Indonesia,2021-07-15,2726803.0,56757.0,70192.0,982.0,55819781.0
Indonesia,2021-07-16,2780803.0,54000.0,71397.0,1205.0,57011439.0
Indonesia,2021-07-17,2832755.0,51952.0,72489.0,1092.0,57486482.0
Indonesia,2021-07-18,2877476.0,44721.0,73582.0,1093.0,57947614.0
Indonesia,2021-07-19,2911733.0,34257.0,74920.0,1338.0,58495882.0
Indonesia,2021-07-20,2950058.0,38325.0,76200.0,1280.0,58814584.0
Indonesia,2021-07-21,2983830.0,33772.0,77583.0,1383.0,59218277.0
Indonesia,2021-07-22,3033339.0,49509.0,79032.0,1449.0,60484261.0
Indonesia,2021-07-23,3082410.0,49071.0,80598.0,1566.0,61185996.0
Indonesia,2021-07-24,3127826.0,45416.0,82013.0,1415.0,61583922.0
Indonesia,2021-07-25,3166505.0,38679.0,83279.0,1266.0,62376478.0
Indonesia,2021-07-26,3194733.0,28228.0,84766.0,1487.0,62858198.0
Indonesia,2021-07-27,3239936.0,45203.0,86835.0,2069.0,63944892.0
Indonesia,2021-07-28,3287727.0,47791.0,88659.0,1824.0,64838074.0
Indonesia,2021-07-29,3331206.0,43479.0,90552.0,1893.0,65959164.0
Indonesia,2021-07-30,3372374.0,41168.0,92311.0,1759.0,66952414.0
Indonesia,2021-07-31,3409658.0,37284.0,94119.0,1808.0,67761337.0
Italy,2021-07-01,4260788.0,879.0,127587.0,21.0,52667303.0
Italy,2021-07-02,4261582.0,794.0,127615.0,28.0,53222995.0
Italy,2021-07-03,4262511.0,929.0,127637.0,22.0,53750239.0
Italy,2021-07-04,4263317.0,806.0,127649.0,12.0,54164804.0
Italy,2021-07-05,4263797.0,480.0,127680.0,31.0,54705399.0
Italy,2021-07-06,4264704.0,907.0,127704.0,24.0,55243979.0
Italy,2021-07-07,4265714.0,1010.0,127718.0,14.0,55792489.0
Italy,2021-07-08,4267105.0,1391.0,127731.0,13.0,56378184.0
Italy,2021-07-09,4268491.0,1386.0,127756.0,25.0,56977070.0
Italy,2021-07-10,4269885.0,1394.0,127768.0,12.0,57546212.0
Italy,2021-07-11,4271276.0,1391.0,127775.0,7.0,57957508.0
Italy,2021-07-12,4272163.0,887.0,127788.0,13.0,58524642.0
Italy,2021-07-13,4273693.0,1530.0,127808.0,20.0,59096375.0
Italy,2021-07-14,4275846.0,2153.0,127831.0,23.0,59663846.0
Italy,2021-07-15,4278319.0,2473.0,127840.0,9.0,60278324.0
Italy,2021-07-16,4281214.0,2895.0,127851.0,11.0,60874740.0
Italy,2021-07-17,4284332.0,3118.0,127864.0,13.0,61412878.0
Italy,2021-07-18,4287458.0,3126.0,127867.0,3.0,61857797.0
Italy,2021-07-19,4289528.0,2070.0,127874.0,7.0,62432393.0
Italy,2021-07-20,4293083.0,3555.0,127884.0,10.0,62999977.0
Italy,2021-07-21,4297337.0,4254.0,127905.0,21.0,63584240.0
Italy,2021-07-22,4302393.0,5056.0,127920.0,15.0,64188900.0
Italy,2021-07-23,4307535.0,5142.0,127937.0,17.0,64776507.0
Italy,2021-07-24,4312673.0,5138.0,127942.0,5.0,65271514.0
Italy,2021-07-25,4317415.0,4742.0,127949.0,7.0,65634619.0
Italy,2021-07-26,4320530.0,3115.0,127971.0,22.0,66199590.0
Italy,2021-07-27,4325046.0,4516.0,127995.0,24.0,66772969.0
Italy,2021-07-28,4330739.0,5693.0,128010.0,15.0,67312105.0
Italy,2021-07-29,4336906.0,6167.0,128029.0,19.0,67851780.0
Italy,2021-07-30,4343519.0,6613.0,128047.0,18.0,68367281.0
Italy,2021-07-31,4350028.0,6509.0,128063.0,16.0,68799605.0
Japan,2021-07-01,802038.0,1733.0,14754.0,24.0,52163267.0
Japan,2021-07-02,803812.0,1774.0,14779.0,25.0,53299105.0
Japan,2021-07-03,805696.0,1884.0,14788.0,9.0,54635362.0
Japan,2021-07-04,807180.0,1484.0,14793.0,5.0,55904245.0
Japan,2021-07-05,808220.0,1040.0,14812.0,19.0,57346739.0
Japan,2021-07-06,809909.0,1689.0,14834.0,22.0,58818757.0
Japan,2021-07-07,812089.0,2180.0,14848.0,14.0,60282475.0
Japan,2021-07-08,814319.0,2230.0,14865.0,17.0,61731836.0
Japan,2021-07-09,816593.0,2274.0,14885.0,20.0,63170515.0
Japan,2021-07-10,819051.0,2458.0,14896.0,11.0,64625489.0
Japan,2021-07-11,821083.0,2032.0,14902.0,6.0,65890918.0
Japan,2021-07-12,822594.0,1511.0,14905.0,3.0,67257547.0
Japan,2021-07-13,824990.0,2396.0,14923.0,18.0,68620161.0
Japan,2021-07-14,828201.0,3211.0,14943.0,20.0,69975928.0
Japan,2021-07-15,831621.0,3420.0,14965.0,22.0,71291729.0
Japan,2021-07-16,835029.0,3408.0,14976.0,11.0,72613263.0
Japan,2021-07-17,838953.0,3924.0,14990.0,14.0,73941379.0
Japan,2021-07-18,842018.0,3065.0,14993.0,3.0,75133810.0
Japan,2021-07-19,844386.0,2368.0,15006.0,13.0,76159902.0
Japan,2021-07-20,848222.0,3836.0,15026.0,20.0,77436900.0
Japan,2021-07-21,853137.0,4915.0,15046.0,20.0,78686082.0
Japan,2021-07-22,858503.0,5366.0,15052.0,6.0,79229831.0
Japan,2021-07-23,862585.0,4082.0,15059.0,7.0,79637557.0
Japan,2021-07-24,866325.0,3740.0,15068.0,9.0,80749912.0
Japan,2021-07-25,871360.0,5035.0,15072.0,4.0,81785714.0
Japan,2021-07-26,876059.0,4699.0,15084.0,12.0,82987824.0
Japan,2021-07-27,883767.0,7708.0,15096.0,12.0,84218748.0
Japan,2021-07-28,893442.0,9675.0,15174.0,78.0,85449382.0
Japan,2021-07-29,904126.0,10684.0,15188.0,14.0,86641319.0
Japan,2021-07-30,914718.0,10592.0,15197.0,9.0,87831284.0
Japan,2021-07-31,927058.0,12340.0,15206.0,9.0,89081552.0
Latvia,2021-07-01,137500.0,71.0,2520.0,7.0,1144518.0
Latvia,2021-07-02,137540.0,40.0,2526.0,6.0,1156955.0
Latvia,2021-07-03,137600.0,60.0,2526.0,0.0,1165593.0
Latvia,2021-07-04,137631.0,31.0,2528.0,2.0,1167825.0
Latvia,2021-07-05,137653.0,22.0,2528.0,0.0,1175558.0
Latvia,2021-07-06,137699.0,46.0,2531.0,3.0,1184456.0
Latvia,2021-07-07,137747.0,48.0,2534.0,3.0,1194650.0
Latvia,2021-07-08,137797.0,50.0,2535.0,1.0,1203341.0
Latvia,2021-07-09,137831.0,34.0,2536.0,1.0,1214668.0
Latvia,2021-07-10,137863.0,32.0,2536.0,0.0,1222705.0
Latvia,2021-07-11,137899.0,36.0,2536.0,0.0,1224771.0
Latvia,2021-07-12,137917.0,18.0,2536.0,0.0,1231262.0
Latvia,2021-07-13,137970.0,53.0,2538.0,2.0,1237928.0
Latvia,2021-07-14,138004.0,34.0,2540.0,2.0,1243826.0
Latvia,2021-07-15,138041.0,37.0,2542.0,2.0,1248636.0
Latvia,2021-07-16,138087.0,46.0,2542.0,0.0,1254337.0
Latvia,2021-07-17,138126.0,39.0,2543.0,1.0,1257994.0
Latvia,2021-07-18,138159.0,33.0,2543.0,0.0,1259268.0
Latvia,2021-07-19,138184.0,25.0,2544.0,1.0,1264371.0
Latvia,2021-07-20,138238.0,54.0,2548.0,4.0,1271184.0
Latvia,2021-07-21,138300.0,62.0,2550.0,2.0,1278576.0
Latvia,2021-07-22,138344.0,44.0,2550.0,0.0,1285132.0
Latvia,2021-07-23,138382.0,38.0,2550.0,0.0,1291423.0
Latvia,2021-07-24,138425.0,43.0,2550.0,0.0,1296163.0
Latvia,2021-07-25,138481.0,56.0,2550.0,0.0,1297530.0
Latvia,2021-07-26,138504.0,23.0,2550.0,0.0,1303244.0
Latvia,2021-07-27,138572.0,68.0,2552.0,2.0,1309513.0
Latvia,2021-07-28,138650.0,78.0,2554.0,2.0,1316474.0
Latvia,2021-07-29,138717.0,67.0,2554.0,0.0,1321999.0
Latvia,2021-07-30,138799.0,82.0,2556.0,2.0,1328905.0
Latvia,2021-07-31,138863.0,64.0,2556.0,0.0,1332745.0
Lebanon,2021-07-01,545016.0,150.0,7854.0,3.0,1359215.0
Lebanon,2021-07-02,545226.0,210.0,7856.0,2.0,1376600.0
Lebanon,2021-07-03,545363.0,137.0,7859.0,3.0,1378232.0
Lebanon,2021-07-04,545570.0,207.0,7861.0,2.0,1379853.0
Lebanon,2021-07-05,545671.0,101.0,7863.0,2.0,1391249.0
Lebanon,2021-07-06,545965.0,294.0,7865.0,2.0,1410729.0
Lebanon,2021-07-07,546366.0,401.0,7867.0,2.0,1479710.0
Lebanon,2021-07-08,546766.0,400.0,7869.0,2.0,1518261.0
Lebanon,2021-07-09,547170.0,404.0,7871.0,2.0,1534259.0
Lebanon,2021-07-10,547497.0,327.0,7873.0,2.0,1536617.0
Lebanon,2021-07-11,547811.0,314.0,7875.0,2.0,1541843.0
Lebanon,2021-07-12,547961.0,150.0,7877.0,2.0,1565593.0
Lebanon,2021-07-13,548455.0,494.0,7879.0,2.0,1634510.0
Lebanon,2021-07-14,548972.0,517.0,7881.0,2.0,1666942.0
Lebanon,2021-07-15,549427.0,455.0,7882.0,1.0,1696233.0
Lebanon,2021-07-16,550004.0,577.0,7883.0,1.0,1698262.0
Lebanon,2021-07-17,550492.0,488.0,7884.0,1.0,1700044.0
Lebanon,2021-07-18,550942.0,450.0,7885.0,1.0,1700905.0
Lebanon,2021-07-19,551157.0,215.0,7886.0,1.0,1726157.0
Lebanon,2021-07-20,551789.0,632.0,7887.0,1.0,1728455.0
Lebanon,2021-07-21,552328.0,539.0,7888.0,1.0,1747519.0
Lebanon,2021-07-22,552871.0,543.0,7889.0,1.0,1781582.0
Lebanon,2021-07-23,553615.0,744.0,7890.0,1.0,1782367.0
Lebanon,2021-07-24,554458.0,843.0,7891.0,1.0,1786506.0
Lebanon,2021-07-25,555302.0,844.0,7892.0,1.0,1807133.0
Lebanon,2021-07-26,555643.0,341.0,7894.0,2.0,1838151.0
Lebanon,2021-07-27,557145.0,1502.0,7895.0,1.0,1873116.0
Lebanon,2021-07-28,558369.0,1224.0,7897.0,2.0,1900910.0
Lebanon,2021-07-29,559473.0,1104.0,7900.0,3.0,1927411.0
Lebanon,2021-07-30,560396.0,923.0,7903.0,3.0,1944927.0
Lebanon,2021-07-31,561380.0,984.0,7906.0,3.0,1946891.0
Liechtenstein,2021-07-01,3039.0,3.0,59.0,0.0,33029.0
Liechtenstein,2021-07-02,3040.0,1.0,59.0,0.0,33628.0
Liechtenstein,2021-07-03,3042.0,2.0,59.0,0.0,33628.0
Liechtenstein,2021-07-04,3042.0,0.0,59.0,0.0,33628.0
Liechtenstein,2021-07-05,3045.0,3.0,59.0,0.0,33924.0
Liechtenstein,2021-07-06,3047.0,2.0,59.0,0.0,34462.0
Liechtenstein,2021-07-07,3049.0,2.0,59.0,0.0,35051.0
Liechtenstein,2021-07-08,3052.0,3.0,59.0,0.0,35640.0
Liechtenstein,2021-07-09,3054.0,2.0,59.0,0.0,36245.0
Liechtenstein,2021-07-10,3056.0,2.0,59.0,0.0,36245.0
Liechtenstein,2021-07-11,3057.0,1.0,59.0,0.0,36245.0
Liechtenstein,2021-07-12,3058.0,1.0,59.0,0.0,36828.0
Liechtenstein,2021-07-13,3058.0,0.0,59.0,0.0,37415.0
Liechtenstein,2021-07-14,3060.0,2.0,59.0,0.0,37709.0
Liechtenstein,2021-07-15,3061.0,1.0,59.0,0.0,38256.0
Liechtenstein,2021-07-16,3061.0,0.0,59.0,0.0,38572.0
Liechtenstein,2021-07-17,3061.0,0.0,59.0,0.0,38572.0
Liechtenstein,2021-07-18,3061.0,0.0,59.0,0.0,38572.0
Liechtenstein,2021-07-19,3069.0,8.0,59.0,0.0,38572.0
Liechtenstein,2021-07-20,3069.0,0.0,59.0,0.0,38572.0
Liechtenstein,2021-07-21,3070.0,1.0,59.0,0.0,38572.0
Liechtenstein,2021-07-22,3073.0,3.0,59.0,0.0,38817.0
Liechtenstein,2021-07-23,3073.0,0.0,59.0,0.0,39207.0
Liechtenstein,2021-07-24,3075.0,2.0,59.0,0.0,39207.0
Liechtenstein,2021-07-25,3075.0,0.0,59.0,0.0,39207.0
Liechtenstein,2021-07-26,3076.0,1.0,59.0,0.0,39207.0
Liechtenstein,2021-07-27,3080.0,4.0,59.0,0.0,39207.0
Liechtenstein,2021-07-28,3083.0,3.0,59.0,0.0,39207.0
Liechtenstein,2021-07-29,3085.0,2.0,59.0,0.0,39207.0
Liechtenstein,2021-07-30,3085.0,0.0,59.0,0.0,39207.0
Liechtenstein,2021-07-31,3085.0,0.0,59.0,0.0,39207.0
Lithuania,2021-07-01,278809.0,40.0,4384.0,1.0,2262517.0
Lithuania,2021-07-02,278826.0,17.0,4387.0,3.0,2282187.0
Lithuania,2021-07-03,278863.0,37.0,4389.0,2.0,2287888.0
Lithuania,2021-07-04,278888.0,25.0,4390.0,1.0,2288341.0
Lithuania,2021-07-05,278906.0,18.0,4391.0,1.0,2301401.0
Lithuania,2021-07-06,278950.0,44.0,4395.0,4.0,2306113.0
Lithuania,2021-07-07,278984.0,34.0,4395.0,0.0,2322361.0
Lithuania,2021-07-08,279024.0,40.0,4396.0,1.0,2339311.0
Lithuania,2021-07-09,279094.0,70.0,4396.0,0.0,2353750.0
Lithuania,2021-07-10,279167.0,73.0,4398.0,2.0,2357898.0
Lithuania,2021-07-11,279192.0,25.0,4398.0,0.0,2358191.0
Lithuania,2021-07-12,279217.0,25.0,4400.0,2.0,2369748.0
Lithuania,2021-07-13,279302.0,85.0,4401.0,1.0,2379674.0
Lithuania,2021-07-14,279381.0,79.0,4402.0,1.0,2388474.0
Lithuania,2021-07-15,279488.0,107.0,4404.0,2.0,2399321.0
Lithuania,2021-07-16,279572.0,84.0,4404.0,0.0,2411832.0
Lithuania,2021-07-17,279662.0,90.0,4404.0,0.0,2414967.0
Lithuania,2021-07-18,279745.0,83.0,4404.0,0.0,2416504.0
Lithuania,2021-07-19,279813.0,68.0,4404.0,0.0,2427397.0
Lithuania,2021-07-20,279914.0,101.0,4404.0,0.0,2438945.0
Lithuania,2021-07-21,280093.0,179.0,4405.0,1.0,2451993.0
Lithuania,2021-07-22,280296.0,203.0,4408.0,3.0,2468954.0
Lithuania,2021-07-23,280541.0,245.0,4409.0,1.0,2484921.0
Lithuania,2021-07-24,280774.0,233.0,4410.0,1.0,2488813.0
Lithuania,2021-07-25,280966.0,192.0,4410.0,0.0,2490269.0
Lithuania,2021-07-26,281063.0,97.0,4410.0,0.0,2506461.0
Lithuania,2021-07-27,281284.0,221.0,4411.0,1.0,2521576.0
Lithuania,2021-07-28,281629.0,345.0,4412.0,1.0,2538422.0
Lithuania,2021-07-29,282039.0,410.0,4413.0,1.0,2559466.0
Lithuania,2021-07-30,282416.0,377.0,4413.0,0.0,2575798.0
Lithuania,2021-07-31,282818.0,402.0,4415.0,2.0,2582081.0
Malaysia,2021-07-01,758967.0,6988.0,5254.0,84.0,8529576.0
Malaysia,2021-07-02,765949.0,6982.0,5327.0,73.0,8769577.0
Malaysia,2021-07-03,772607.0,6658.0,5434.0,107.0,8992609.0
Malaysia,2021-07-04,778652.0,6045.0,5497.0,63.0,9207485.0
Malaysia,2021-07-05,785039.0,6387.0,5574.0,77.0,9533556.0
Malaysia,2021-07-06,792693.0,7654.0,5677.0,103.0,9887165.0
Malaysia,2021-07-07,799790.0,7097.0,5768.0,91.0,10280434.0
Malaysia,2021-07-08,808658.0,8868.0,5903.0,135.0,10668489.0
Malaysia,2021-07-09,817838.0,9180.0,5980.0,77.0,11016467.0
Malaysia,2021-07-10,827191.0,9353.0,6067.0,87.0,11350266.0
Malaysia,2021-07-11,836296.0,9105.0,6157.0,90.0,11647163.0
Malaysia,2021-07-12,844870.0,8574.0,6260.0,103.0,12079238.0
Malaysia,2021-07-13,855949.0,11079.0,6385.0,125.0,12515705.0
Malaysia,2021-07-14,867567.0,11618.0,6503.0,118.0,12970655.0
Malaysia,2021-07-15,880782.0,13215.0,6613.0,110.0,13445577.0
Malaysia,2021-07-16,893323.0,12541.0,6728.0,115.0,13860203.0
Malaysia,2021-07-17,905851.0,12528.0,6866.0,138.0,14252230.0
Malaysia,2021-07-18,916561.0,10710.0,7019.0,153.0,14606561.0
Malaysia,2021-07-19,927533.0,10972.0,7148.0,129.0,15045894.0
Malaysia,2021-07-20,939899.0,12366.0,7241.0,93.0,15355729.0
Malaysia,2021-07-21,951884.0,11985.0,7440.0,199.0,15812409.0
Malaysia,2021-07-22,964918.0,13034.0,7574.0,134.0,16330059.0
Malaysia,2021-07-23,980491.0,15573.0,7718.0,144.0,16807566.0
Malaysia,2021-07-24,996393.0,15902.0,7902.0,184.0,17237559.0
Malaysia,2021-07-25,1013438.0,17045.0,7994.0,92.0,17651478.0
Malaysia,2021-07-26,1027954.0,14516.0,8201.0,207.0,18187171.0
Malaysia,2021-07-27,1044071.0,16117.0,8408.0,207.0,18757546.0
Malaysia,2021-07-28,1061476.0,17405.0,8551.0,143.0,19337320.0
Malaysia,2021-07-29,1078646.0,17170.0,8725.0,174.0,19914596.0
Malaysia,2021-07-30,1095486.0,16840.0,8859.0,134.0,20446416.0
Malaysia,2021-07-31,1113272.0,17786.0,9024.0,165.0,20984564.0
Malta,2021-07-01,30627.0,4.0,420.0,0.0,675014.0
Malta,2021-07-02,30633.0,6.0,420.0,0.0,679538.0
Malta,2021-07-03,30640.0,7.0,420.0,0.0,682731.0
Malta,2021-07-04,30652.0,12.0,420.0,0.0,685024.0
Malta,2021-07-05,30664.0,12.0,420.0,0.0,689924.0
Malta,2021-07-06,30675.0,11.0,420.0,0.0,692581.0
Malta,2021-07-07,30700.0,25.0,420.0,0.0,696858.0
Malta,2021-07-08,30755.0,55.0,420.0,0.0,700180.0
Malta,2021-07-09,30851.0,96.0,420.0,0.0,703928.0
Malta,2021-07-10,30960.0,109.0,420.0,0.0,705852.0
Malta,2021-07-11,31061.0,101.0,420.0,0.0,706857.0
Malta,2021-07-12,31240.0,179.0,420.0,0.0,709131.0
Malta,2021-07-13,31394.0,154.0,420.0,0.0,711973.0
Malta,2021-07-14,31612.0,218.0,420.0,0.0,715447.0
Malta,2021-07-15,31834.0,222.0,420.0,0.0,718418.0
Malta,2021-07-16,32069.0,235.0,420.0,0.0,721415.0
Malta,2021-07-17,32275.0,206.0,420.0,0.0,723299.0
Malta,2021-07-18,32470.0,195.0,420.0,0.0,724343.0
Malta,2021-07-19,32616.0,146.0,420.0,0.0,728106.0
Malta,2021-07-20,32833.0,217.0,420.0,0.0,730483.0
Malta,2021-07-21,33032.0,199.0,420.0,0.0,733736.0
Malta,2021-07-22,33198.0,166.0,420.0,0.0,736727.0
Malta,2021-07-23,33370.0,172.0,420.0,0.0,742361.0
Malta,2021-07-24,33541.0,171.0,421.0,1.0,743712.0
Malta,2021-07-25,33668.0,127.0,421.0,0.0,744521.0
Malta,2021-07-26,33762.0,94.0,421.0,0.0,746883.0
Malta,2021-07-27,33904.0,142.0,421.0,0.0,750641.0
Malta,2021-07-28,33995.0,91.0,423.0,2.0,751546.0
Malta,2021-07-29,34090.0,95.0,423.0,0.0,755655.0
Malta,2021-07-30,34201.0,111.0,423.0,0.0,758252.0
Malta,2021-07-31,34295.0,94.0,423.0,0.0,759818.0
Namibia,2021-07-01,91208.0,1291.0,1556.0,35.0,147803.0
Namibia,2021-07-02,92869.0,1661.0,1586.0,30.0,149232.0
Namibia,2021-07-03,94047.0,1178.0,1626.0,40.0,150322.0
Namibia,2021-07-04,95703.0,1656.0,1649.0,23.0,150363.0
Namibia,2021-07-05,97087.0,1384.0,1662.0,13.0,150911.0
Namibia,2021-07-06,98522.0,1435.0,1690.0,28.0,152907.0
Namibia,2021-07-07,99808.0,1286.0,1742.0,52.0,154759.0
Namibia,2021-07-08,101001.0,1193.0,1812.0,70.0,156691.0
Namibia,2021-07-09,102373.0,1372.0,1883.0,71.0,159585.0
Namibia,2021-07-10,104099.0,1726.0,1911.0,28.0,161524.0
Namibia,2021-07-11,105595.0,1496.0,1991.0,80.0,161661.0
Namibia,2021-07-12,106879.0,1284.0,2019.0,28.0,162641.0
Namibia,2021-07-13,108055.0,1176.0,2090.0,71.0,164617.0
Namibia,2021-07-14,108785.0,730.0,2240.0,150.0,166616.0
Namibia,2021-07-15,109356.0,571.0,2270.0,30.0,168273.0
Namibia,2021-07-16,110365.0,1009.0,2371.0,101.0,169988.0
Namibia,2021-07-17,111417.0,1052.0,2467.0,96.0,170976.0
Namibia,2021-07-18,112160.0,743.0,2506.0,39.0,170983.0
Namibia,2021-07-19,112824.0,664.0,2532.0,26.0,171734.0
Namibia,2021-07-20,113438.0,614.0,2557.0,25.0,176037.0
Namibia,2021-07-21,113905.0,467.0,2620.0,63.0,180801.0
Namibia,2021-07-22,114400.0,495.0,2665.0,45.0,186559.0
Namibia,2021-07-23,115009.0,609.0,2714.0,49.0,191285.0
Namibia,2021-07-24,115793.0,784.0,2760.0,46.0,194504.0
Namibia,2021-07-25,116603.0,810.0,2811.0,51.0,195184.0
Namibia,2021-07-26,116964.0,361.0,2834.0,23.0,196589.0
Namibia,2021-07-27,117293.0,329.0,2871.0,37.0,200694.0
Namibia,2021-07-28,117570.0,277.0,2927.0,56.0,204103.0
Namibia,2021-07-29,117896.0,326.0,2970.0,43.0,207950.0
Namibia,2021-07-30,118429.0,533.0,2999.0,29.0,211410.0
Namibia,2021-07-31,118922.0,493.0,3044.0,45.0,213495.0
New Zealand,2021-07-01,2743.0,0.0,26.0,0.0,1197827.0
New Zealand,2021-07-02,2743.0,0.0,26.0,0.0,1217899.0
New Zealand,2021-07-03,2752.0,9.0,26.0,0.0,1230603.0
New Zealand,2021-07-04,2759.0,7.0,26.0,0.0,1237012.0
New Zealand,2021-07-05,2759.0,0.0,26.0,0.0,1252756.0
New Zealand,2021-07-06,2764.0,5.0,26.0,0.0,1273676.0
New Zealand,2021-07-07,2765.0,1.0,26.0,0.0,1296815.0
New Zealand,2021-07-08,2766.0,1.0,26.0,0.0,1321412.0
New Zealand,2021-07-09,2766.0,0.0,26.0,0.0,1343007.0
New Zealand,2021-07-10,2768.0,2.0,26.0,0.0,1358803.0
New Zealand,2021-07-11,2769.0,1.0,26.0,0.0,1366436.0
New Zealand,2021-07-12,2787.0,18.0,26.0,0.0,1384172.0
New Zealand,2021-07-13,2791.0,4.0,26.0,0.0,1406715.0
New Zealand,2021-07-14,2795.0,4.0,26.0,0.0,1431584.0
New Zealand,2021-07-15,2804.0,9.0,26.0,0.0,1455346.0
New Zealand,2021-07-16,2804.0,0.0,26.0,0.0,1477193.0
New Zealand,2021-07-17,2815.0,11.0,26.0,0.0,1493717.0
New Zealand,2021-07-18,2818.0,3.0,26.0,0.0,1502424.0
New Zealand,2021-07-19,2823.0,5.0,26.0,0.0,1524758.0
New Zealand,2021-07-20,2829.0,6.0,26.0,0.0,1555436.0
New Zealand,2021-07-21,2836.0,7.0,26.0,0.0,1589420.0
New Zealand,2021-07-22,2856.0,20.0,26.0,0.0,1621765.0
New Zealand,2021-07-23,2856.0,0.0,26.0,0.0,1652818.0
New Zealand,2021-07-24,2863.0,7.0,26.0,0.0,1677629.0
New Zealand,2021-07-25,2864.0,1.0,26.0,0.0,1691605.0
New Zealand,2021-07-26,2864.0,0.0,26.0,0.0,1722129.0
New Zealand,2021-07-27,2865.0,1.0,26.0,0.0,1761099.0
New Zealand,2021-07-28,2868.0,3.0,26.0,0.0,1802681.0
New Zealand,2021-07-29,2871.0,3.0,26.0,0.0,1842885.0
New Zealand,2021-07-30,2871.0,0.0,26.0,0.0,1884982.0
New Zealand,2021-07-31,2874.0,3.0,26.0,0.0,1923549.0
North America,2021-07-01,39766792.0,31466.0,902885.0,704.0,437161944.0
North America,2021-07-02,39814796.0,48004.0,903726.0,841.0,439493653.0
North America,2021-07-03,39836863.0,22067.0,904106.0,380.0,441259684.0
North America,2021-07-04,39850303.0,13440.0,904293.0,187.0,442588470.0
North America,2021-07-05,39871736.0,21433.0,904606.0,313.0,444026581.0
North America,2021-07-06,39914793.0,43057.0,905373.0,767.0,446249459.0
North America,2021-07-07,39957660.0,42867.0,906034.0,661.0,448360880.0
North America,2021-07-08,39999791.0,42131.0,906689.0,655.0,450806122.0
North America,2021-07-09,40071389.0,71598.0,907563.0,874.0,452977546.0
North America,2021-07-10,40102275.0,30886.0,908094.0,531.0,454526466.0
North America,2021-07-11,40128540.0,26265.0,908308.0,214.0,455599780.0
North America,2021-07-12,40175119.0,46579.0,908752.0,444.0,457423800.0
North America,2021-07-13,40229394.0,54275.0,909531.0,779.0,459285055.0
North America,2021-07-14,40289324.0,59930.0,910289.0,758.0,461321706.0
North America,2021-07-15,40346609.0,57285.0,911010.0,721.0,463255534.0
North America,2021-07-16,40451835.0,105226.0,911911.0,901.0,465564311.0
North America,2021-07-17,40486859.0,35024.0,912335.0,424.0,467028564.0
North America,2021-07-18,40519177.0,32318.0,912671.0,336.0,468091949.0
North America,2021-07-19,40590152.0,70975.0,913235.0,564.0,470309883.0
North America,2021-07-20,40659971.0,69819.0,913996.0,761.0,472069617.0
North America,2021-07-21,40742014.0,82043.0,914855.0,859.0,474465926.0
North America,2021-07-22,40829864.0,87850.0,915858.0,1003.0,477346121.0
North America,2021-07-23,40966906.0,137042.0,916589.0,731.0,480269078.0
North America,2021-07-24,41037317.0,70411.0,917532.0,943.0,482455011.0
North America,2021-07-25,41080106.0,42789.0,917813.0,281.0,483896639.0
North America,2021-07-26,41188050.0,107944.0,918440.0,627.0,486668441.0
North America,2021-07-27,41292744.0,104694.0,919669.0,1229.0,489198168.0
North America,2021-07-28,41399691.0,106947.0,920825.0,1156.0,491810629.0
North America,2021-07-29,41516630.0,116939.0,921713.0,888.0,494250993.0
North America,2021-07-30,41744834.0,228204.0,923291.0,1578.0,497536733.0
North America,2021-07-31,41810466.0,65632.0,924059.0,768.0,499497897.0
Norway,2021-07-01,131509.0,193.0,794.0,0.0,4349736.0
Norway,2021-07-02,131749.0,240.0,794.0,0.0,4404289.0
Norway,2021-07-03,131861.0,112.0,794.0,0.0,4414143.0
Norway,2021-07-04,131949.0,88.0,794.0,0.0,4420684.0
Norway,2021-07-05,132136.0,187.0,794.0,0.0,4448109.0
Norway,2021-07-06,132363.0,227.0,794.0,0.0,4493509.0
Norway,2021-07-07,132574.0,211.0,796.0,2.0,4579514.0
Norway,2021-07-08,132673.0,99.0,796.0,0.0,4657815.0
Norway,2021-07-09,132966.0,293.0,796.0,0.0,4688286.0
Norway,2021-07-10,133100.0,134.0,796.0,0.0,4692734.0
Norway,2021-07-11,133197.0,97.0,796.0,0.0,4695869.0
Norway,2021-07-12,133367.0,170.0,796.0,0.0,4711015.0
Norway,2021-07-13,133549.0,182.0,796.0,0.0,4743792.0
Norway,2021-07-14,133720.0,171.0,796.0,0.0,4821584.0
Norway,2021-07-15,133876.0,156.0,796.0,0.0,4894061.0
Norway,2021-07-16,134092.0,216.0,796.0,0.0,4920467.0
Norway,2021-07-17,134230.0,138.0,796.0,0.0,4921511.0
Norway,2021-07-18,134339.0,109.0,796.0,0.0,4922038.0
Norway,2021-07-19,134534.0,195.0,796.0,0.0,4934280.0
Norway,2021-07-20,134780.0,246.0,796.0,0.0,4964551.0
Norway,2021-07-21,134969.0,189.0,799.0,3.0,5049774.0
Norway,2021-07-22,135235.0,266.0,799.0,0.0,5140038.0
Norway,2021-07-23,135463.0,228.0,799.0,0.0,5169185.0
Norway,2021-07-24,135631.0,168.0,799.0,0.0,5169712.0
Norway,2021-07-25,135767.0,136.0,799.0,0.0,5170019.0
Norway,2021-07-26,136097.0,330.0,799.0,0.0,5181910.0
Norway,2021-07-27,136370.0,273.0,799.0,0.0,5212160.0
Norway,2021-07-28,136541.0,171.0,799.0,0.0,5306085.0
Norway,2021-07-29,137127.0,586.0,799.0,0.0,5400014.0
Norway,2021-07-30,137471.0,344.0,799.0,0.0,5432769.0
Norway,2021-07-31,137627.0,156.0,799.0,0.0,5433958.0
Oceania,2021-07-01,55408.0,472.0,1134.0,3.0,9938650.0
Oceania,2021-07-02,55862.0,454.0,1135.0,1.0,10110218.0
Oceania,2021-07-03,56276.0,414.0,1137.0,2.0,10202640.0
Oceania,2021-07-04,56856.0,580.0,1140.0,3.0,10263155.0
Oceania,2021-07-05,57235.0,379.0,1143.0,3.0,10425617.0
Oceania,2021-07-06,57906.0,671.0,1149.0,6.0,10683934.0
Oceania,2021-07-07,58934.0,1028.0,1156.0,7.0,10846206.0
Oceania,2021-07-08,59704.0,770.0,1162.0,6.0,11035576.0
Oceania,2021-07-09,60628.0,924.0,1165.0,3.0,11199671.0
Oceania,2021-07-10,61221.0,593.0,1167.0,2.0,11299364.0
Oceania,2021-07-11,61876.0,655.0,1172.0,5.0,11358845.0
Oceania,2021-07-12,62869.0,993.0,1176.0,4.0,11530790.0
Oceania,2021-07-13,63626.0,757.0,1177.0,1.0,11789414.0
Oceania,2021-07-14,63714.0,88.0,1177.0,0.0,11976945.0
Oceania,2021-07-15,65690.0,1976.0,1192.0,15.0,12175709.0
Oceania,2021-07-16,67240.0,1550.0,1199.0,7.0,12361493.0
Oceania,2021-07-17,68559.0,1319.0,1205.0,6.0,12474717.0
Oceania,2021-07-18,69722.0,1163.0,1218.0,13.0,12541511.0
Oceania,2021-07-19,70742.0,1020.0,1242.0,24.0,12733756.0
Oceania,2021-07-20,71996.0,1254.0,1258.0,16.0,13034068.0
Oceania,2021-07-21,73263.0,1267.0,1280.0,22.0,13252582.0
Oceania,2021-07-22,74414.0,1151.0,1296.0,16.0,13481357.0
Oceania,2021-07-23,75053.0,639.0,1307.0,11.0,13694252.0
Oceania,2021-07-24,75965.0,912.0,1314.0,7.0,13826739.0
Oceania,2021-07-25,76756.0,791.0,1323.0,9.0,13911651.0
Oceania,2021-07-26,78225.0,1469.0,1336.0,13.0,14127512.0
Oceania,2021-07-27,79166.0,941.0,1346.0,10.0,14490705.0
Oceania,2021-07-28,80494.0,1328.0,1360.0,14.0,14733757.0
Oceania,2021-07-29,81984.0,1490.0,1369.0,9.0,14984703.0
Oceania,2021-07-30,83368.0,1384.0,1376.0,7.0,15227506.0
Oceania,2021-07-31,84789.0,1421.0,1381.0,5.0,15377116.0
Paraguay,2021-07-01,424998.0,1716.0,13017.0,122.0,965924.0
Paraguay,2021-07-02,426318.0,1320.0,13127.0,110.0,985554.0
Paraguay,2021-07-03,427542.0,1224.0,13235.0,108.0,1017969.0
Paraguay,2021-07-04,428743.0,1201.0,13346.0,111.0,1060147.0
Paraguay,2021-07-05,429884.0,1141.0,13447.0,101.0,1101032.0
Paraguay,2021-07-06,431367.0,1483.0,13553.0,106.0,1152330.0
Paraguay,2021-07-07,432801.0,1434.0,13645.0,92.0,1209588.0
Paraguay,2021-07-08,434264.0,1463.0,13729.0,84.0,1227517.0
Paraguay,2021-07-09,435522.0,1258.0,13806.0,77.0,1245458.0
Paraguay,2021-07-10,436624.0,1102.0,13867.0,61.0,1246075.0
Paraguay,2021-07-11,437719.0,1095.0,13918.0,51.0,1246213.0
Paraguay,2021-07-12,438764.0,1045.0,13964.0,46.0,1346377.0
Paraguay,2021-07-13,439897.0,1133.0,14016.0,52.0,1453983.0
Paraguay,2021-07-14,441056.0,1159.0,14066.0,50.0,1570665.0
Paraguay,2021-07-15,442207.0,1151.0,14120.0,54.0,1661158.0
Paraguay,2021-07-16,443378.0,1171.0,14178.0,58.0,1740542.0
Paraguay,2021-07-17,444427.0,1049.0,14230.0,52.0,1757174.0
Paraguay,2021-07-18,444992.0,565.0,14288.0,58.0,1764680.0
Paraguay,2021-07-19,445565.0,573.0,14340.0,52.0,1860944.0
Paraguay,2021-07-20,446267.0,702.0,14394.0,54.0,1911936.0
Paraguay,2021-07-21,447146.0,879.0,14446.0,52.0,2045055.0
Paraguay,2021-07-22,447864.0,718.0,14501.0,55.0,2186151.0
Paraguay,2021-07-23,448508.0,644.0,14550.0,49.0,2239190.0
Paraguay,2021-07-24,448918.0,410.0,14593.0,43.0,2288891.0
Paraguay,2021-07-25,449341.0,423.0,14653.0,60.0,2308046.0
Paraguay,2021-07-26,449902.0,561.0,14701.0,48.0,2427296.0
Paraguay,2021-07-27,450494.0,592.0,14759.0,58.0,2521582.0
Paraguay,2021-07-28,451158.0,664.0,14820.0,61.0,2593193.0
Paraguay,2021-07-29,451695.0,537.0,14876.0,56.0,2607031.0
Paraguay,2021-07-30,452085.0,390.0,14929.0,53.0,2615642.0
Paraguay,2021-07-31,452388.0,303.0,14981.0,52.0,2616835.0
Russia,2021-07-01,5472722.0,23128.0,133633.0,660.0,40875355.0
Russia,2021-07-02,5495513.0,22791.0,134302.0,669.0,41821794.0
Russia,2021-07-03,5519516.0,24003.0,134987.0,685.0,42450067.0
Russia,2021-07-04,5544209.0,24693.0,135637.0,650.0,42830589.0
Russia,2021-07-05,5568104.0,23895.0,136279.0,642.0,43033292.0
Russia,2021-07-06,5591030.0,22926.0,137005.0,726.0,44317901.0
Russia,2021-07-07,5614540.0,23510.0,137718.0,713.0,45061139.0
Russia,2021-07-08,5638901.0,24361.0,138441.0,723.0,45570931.0
Russia,2021-07-09,5664200.0,25299.0,139156.0,715.0,46626243.0
Russia,2021-07-10,5688807.0,24607.0,139896.0,740.0,47334968.0
Russia,2021-07-11,5713351.0,24544.0,140635.0,739.0,47572228.0
Russia,2021-07-12,5738000.0,24649.0,141335.0,700.0,47809152.0
Russia,2021-07-13,5762211.0,24211.0,142102.0,767.0,48693756.0
Russia,2021-07-14,5785542.0,23331.0,142877.0,775.0,49757693.0
Russia,2021-07-15,5810335.0,24793.0,143657.0,780.0,50383638.0
Russia,2021-07-16,5835523.0,25188.0,144446.0,789.0,52329289.0
Russia,2021-07-17,5860113.0,24590.0,145222.0,776.0,52471287.0
Russia,2021-07-18,5884593.0,24480.0,145975.0,753.0,52782888.0
Russia,2021-07-19,5908691.0,24098.0,146686.0,711.0,52924914.0
Russia,2021-07-20,5931925.0,23234.0,147457.0,771.0,54765404.0
Russia,2021-07-21,5955089.0,23164.0,148229.0,772.0,55278232.0
Russia,2021-07-22,5979027.0,23938.0,149012.0,783.0,55829776.0
Russia,2021-07-23,6002303.0,23276.0,149796.0,784.0,57119002.0
Russia,2021-07-24,6025698.0,23395.0,150583.0,787.0,57313547.0
Russia,2021-07-25,6049215.0,23517.0,151352.0,769.0,57493823.0
Russia,2021-07-26,6071893.0,22678.0,152069.0,717.0,57730452.0
Russia,2021-07-27,6094379.0,22486.0,152836.0,767.0,58627941.0
Russia,2021-07-28,6116249.0,21870.0,153620.0,784.0,59222211.0
Russia,2021-07-29,6138969.0,22720.0,154404.0,784.0,60086288.0
Russia,2021-07-30,6161985.0,23016.0,155180.0,776.0,60996545.0
Russia,2021-07-31,6185249.0,23264.0,155952.0,772.0,61902078.0
Saudi Arabia,2021-07-01,489126.0,1534.0,7832.0,13.0,18019069.0
Saudi Arabia,2021-07-02,490464.0,1338.0,7848.0,16.0,18198743.0
Saudi Arabia,2021-07-03,491612.0,1148.0,7863.0,15.0,18320428.0
Saudi Arabia,2021-07-04,492785.0,1173.0,7876.0,13.0,18460462.0
Saudi Arabia,2021-07-05,494032.0,1247.0,7891.0,15.0,18699493.0
Saudi Arabia,2021-07-06,495309.0,1277.0,7907.0,16.0,18892398.0
Saudi Arabia,2021-07-07,496516.0,1207.0,7921.0,14.0,19064998.0
Saudi Arabia,2021-07-08,497773.0,1257.0,7933.0,12.0,19262679.0
Saudi Arabia,2021-07-09,498906.0,1133.0,7947.0,14.0,19396996.0
Saudi Arabia,2021-07-10,500083.0,1177.0,7963.0,16.0,19586965.0
Saudi Arabia,2021-07-11,501195.0,1112.0,7976.0,13.0,19825792.0
Saudi Arabia,2021-07-12,502439.0,1244.0,7992.0,16.0,20227729.0
Saudi Arabia,2021-07-13,503734.0,1295.0,8006.0,14.0,20597120.0
Saudi Arabia,2021-07-14,504960.0,1226.0,8020.0,14.0,21094827.0
Saudi Arabia,2021-07-15,506125.0,1165.0,8035.0,15.0,21556314.0
Saudi Arabia,2021-07-16,507423.0,1298.0,8048.0,13.0,21930093.0
Saudi Arabia,2021-07-17,508521.0,1098.0,8063.0,15.0,22263079.0
Saudi Arabia,2021-07-18,509576.0,1055.0,8075.0,12.0,22646489.0
Saudi Arabia,2021-07-19,510869.0,1293.0,8089.0,14.0,22870428.0
Saudi Arabia,2021-07-20,512142.0,1273.0,8103.0,14.0,23079604.0
Saudi Arabia,2021-07-21,513284.0,1142.0,8115.0,12.0,23384311.0
Saudi Arabia,2021-07-22,514446.0,1162.0,8130.0,15.0,23725741.0
Saudi Arabia,2021-07-23,515693.0,1247.0,8141.0,11.0,24008547.0
Saudi Arabia,2021-07-24,516949.0,1256.0,8155.0,14.0,24314234.0
Saudi Arabia,2021-07-25,518143.0,1194.0,8167.0,12.0,24688885.0
Saudi Arabia,2021-07-26,519395.0,1252.0,8179.0,12.0,25061477.0
Saudi Arabia,2021-07-27,520774.0,1379.0,8189.0,10.0,25464480.0
Saudi Arabia,2021-07-28,522108.0,1334.0,8200.0,11.0,25872997.0
Saudi Arabia,2021-07-29,522108.0,0.0,8200.0,0.0,26275904.0
Saudi Arabia,2021-07-30,522108.0,0.0,8200.0,0.0,26567950.0
Saudi Arabia,2021-07-31,525730.0,3622.0,8237.0,37.0,26867756.0
Slovakia,2021-07-01,391659.0,17.0,12511.0,1.0,3672015.0
Slovakia,2021-07-02,391676.0,17.0,12511.0,0.0,3705067.0
Slovakia,2021-07-03,391696.0,20.0,12513.0,2.0,3746937.0
Slovakia,2021-07-04,391717.0,21.0,12513.0,0.0,3773287.0
Slovakia,2021-07-05,391720.0,3.0,12513.0,0.0,3782113.0
Slovakia,2021-07-06,391735.0,15.0,12514.0,1.0,3810261.0
Slovakia,2021-07-07,391780.0,45.0,12516.0,2.0,3834558.0
Slovakia,2021-07-08,391813.0,33.0,12516.0,0.0,3859549.0
Slovakia,2021-07-09,391852.0,39.0,12517.0,1.0,3889684.0
Slovakia,2021-07-10,391893.0,41.0,12519.0,2.0,3920154.0
Slovakia,2021-07-11,391918.0,25.0,12519.0,0.0,3949750.0
Slovakia,2021-07-12,391925.0,7.0,12521.0,2.0,3976018.0
Slovakia,2021-07-13,391953.0,28.0,12522.0,1.0,3995781.0
Slovakia,2021-07-14,391971.0,18.0,12523.0,1.0,4015374.0
Slovakia,2021-07-15,392000.0,29.0,12524.0,1.0,4034374.0
Slovakia,2021-07-16,392034.0,34.0,12524.0,0.0,4055765.0
Slovakia,2021-07-17,392034.0,0.0,12524.0,0.0,4076555.0
Slovakia,2021-07-18,392100.0,66.0,12524.0,0.0,4086696.0
Slovakia,2021-07-19,392104.0,4.0,12527.0,3.0,4099642.0
Slovakia,2021-07-20,392139.0,35.0,12531.0,4.0,4113653.0
Slovakia,2021-07-21,392185.0,46.0,12534.0,3.0,4125916.0
Slovakia,2021-07-22,392219.0,34.0,12534.0,0.0,4138370.0
Slovakia,2021-07-23,392259.0,40.0,12534.0,0.0,4155358.0
Slovakia,2021-07-24,392259.0,0.0,12534.0,0.0,4166795.0
Slovakia,2021-07-25,392348.0,89.0,12534.0,0.0,4178941.0
Slovakia,2021-07-26,392355.0,7.0,12534.0,0.0,4188185.0
Slovakia,2021-07-27,392406.0,51.0,12534.0,0.0,4199461.0
Slovakia,2021-07-28,392488.0,82.0,12534.0,0.0,4211433.0
Slovakia,2021-07-29,392537.0,49.0,12536.0,2.0,4225660.0
Slovakia,2021-07-30,392581.0,44.0,12536.0,0.0,4241913.0
Slovakia,2021-07-31,392647.0,66.0,12540.0,4.0,4256746.0
Slovenia,2021-07-01,257358.0,23.0,4419.0,0.0,1500169.0
Slovenia,2021-07-02,257383.0,25.0,4419.0,0.0,1514533.0
Slovenia,2021-07-03,257413.0,30.0,4419.0,0.0,1516072.0
Slovenia,2021-07-04,257421.0,8.0,4419.0,0.0,1516087.0
Slovenia,2021-07-05,257429.0,8.0,4420.0,1.0,1522743.0
Slovenia,2021-07-06,257477.0,48.0,4421.0,1.0,1531250.0
Slovenia,2021-07-07,257550.0,73.0,4422.0,1.0,1544219.0
Slovenia,2021-07-08,257619.0,69.0,4423.0,1.0,1560528.0
Slovenia,2021-07-09,257703.0,84.0,4423.0,0.0,1572663.0
Slovenia,2021-07-10,257838.0,135.0,4423.0,0.0,1573927.0
Slovenia,2021-07-11,257863.0,25.0,4423.0,0.0,1574249.0
Slovenia,2021-07-12,257875.0,12.0,4425.0,2.0,1580674.0
Slovenia,2021-07-13,257959.0,84.0,4425.0,0.0,1587402.0
Slovenia,2021-07-14,257989.0,30.0,4425.0,0.0,1598761.0
Slovenia,2021-07-15,258045.0,56.0,4425.0,0.0,1613318.0
Slovenia,2021-07-16,258108.0,63.0,4425.0,0.0,1624612.0
Slovenia,2021-07-17,258169.0,61.0,4425.0,0.0,1626738.0
Slovenia,2021-07-18,258190.0,21.0,4425.0,0.0,1626776.0
Slovenia,2021-07-19,258199.0,9.0,4425.0,0.0,1632386.0
Slovenia,2021-07-20,258287.0,88.0,4425.0,0.0,1638498.0
Slovenia,2021-07-21,258397.0,110.0,4425.0,0.0,1649196.0
Slovenia,2021-07-22,258468.0,71.0,4426.0,1.0,1661018.0
Slovenia,2021-07-23,258525.0,57.0,4426.0,0.0,1671162.0
Slovenia,2021-07-24,258619.0,94.0,4427.0,1.0,1672806.0
Slovenia,2021-07-25,258651.0,32.0,4428.0,1.0,1672826.0
Slovenia,2021-07-26,258674.0,23.0,4428.0,0.0,1678349.0
Slovenia,2021-07-27,258780.0,106.0,4428.0,0.0,1685490.0
Slovenia,2021-07-28,258864.0,84.0,4428.0,0.0,1695098.0
Slovenia,2021-07-29,258963.0,99.0,4428.0,0.0,1706293.0
Slovenia,2021-07-30,259079.0,116.0,4428.0,0.0,1714876.0
Slovenia,2021-07-31,259215.0,136.0,4429.0,1.0,1717179.0
South America,2021-07-01,33011787.0,130064.0,1008482.0,3767.0,187998632.0
South America,2021-07-02,33136652.0,124865.0,1011994.0,3512.0,189284774.0
South America,2021-07-03,33241598.0,104946.0,1014825.0,2831.0,190406197.0
South America,2021-07-04,33319628.0,78030.0,1017409.0,2584.0,193741134.0
South America,2021-07-05,33394107.0,74479.0,1019810.0,2401.0,197453487.0
South America,2021-07-06,33515965.0,121858.0,1023035.0,3225.0,199169623.0
South America,2021-07-07,33624179.0,108214.0,1026108.0,3073.0,203551460.0
South America,2021-07-08,33731969.0,107790.0,1029358.0,3250.0,205929805.0
South America,2021-07-09,33832899.0,100930.0,1031958.0,2600.0,208173055.0
South America,2021-07-10,33927048.0,94149.0,1033722.0,1764.0,209619700.0
South America,2021-07-11,33983066.0,56018.0,1036493.0,2771.0,212813611.0
South America,2021-07-12,34041563.0,58497.0,1038554.0,2061.0,217232166.0
South America,2021-07-13,34134079.0,92516.0,1041331.0,2777.0,219598409.0
South America,2021-07-14,34236141.0,102062.0,1044266.0,2935.0,223546214.0
South America,2021-07-15,34335597.0,99456.0,1047201.0,2935.0,227203167.0
South America,2021-07-16,34424395.0,88798.0,1049920.0,2719.0,229286859.0
South America,2021-07-17,34501209.0,76814.0,1051944.0,2024.0,232910325.0
South America,2021-07-18,34566750.0,65541.0,1053812.0,1868.0,234085892.0
South America,2021-07-19,34616050.0,49300.0,1055426.0,1614.0,236489628.0
South America,2021-07-20,34676960.0,60910.0,1066628.0,2416.0,239417712.0
South America,2021-07-21,34766158.0,89198.0,1069159.0,2531.0,242317941.0
South America,2021-07-22,34849913.0,83755.0,1071616.0,2457.0,245994415.0
South America,2021-07-23,34993771.0,143858.0,1073925.0,2309.0,248487072.0
South America,2021-07-24,35060709.0,66938.0,1075903.0,1978.0,249843849.0
South America,2021-07-25,35102457.0,41748.0,1077111.0,1208.0,251681402.0
South America,2021-07-26,35146163.0,43706.0,1078639.0,1528.0,255167875.0
South America,2021-07-27,35221508.0,75345.0,1080783.0,2144.0,258387190.0
South America,2021-07-28,35299948.0,78440.0,1083149.0,2366.0,261284545.0
South America,2021-07-29,35375906.0,75958.0,1086143.0,2994.0,264862828.0
South America,2021-07-30,35443618.0,67712.0,1088077.0,1934.0,265995870.0
South America,2021-07-31,35508526.0,64908.0,1089793.0,1716.0,270329918.0
South Korea,2021-07-01,158549.0,826.0,2024.0,3.0,19466281.0
South Korea,2021-07-02,159342.0,793.0,2025.0,1.0,19592281.0
South Korea,2021-07-03,160084.0,742.0,2026.0,1.0,19610790.0
South Korea,2021-07-04,160795.0,711.0,2028.0,2.0,19611516.0
South Korea,2021-07-05,161541.0,746.0,2032.0,4.0,19742895.0
South Korea,2021-07-06,162753.0,1212.0,2033.0,1.0,19872600.0
South Korea,2021-07-07,164028.0,1275.0,2034.0,1.0,19997500.0
South Korea,2021-07-08,165344.0,1316.0,2036.0,2.0,20142288.0
South Korea,2021-07-09,166722.0,1378.0,2038.0,2.0,20349716.0
South Korea,2021-07-10,168046.0,1324.0,2043.0,5.0,20402203.0
South Korea,2021-07-11,169146.0,1100.0,2044.0,1.0,20403924.0
South Korea,2021-07-12,170296.0,1150.0,2046.0,2.0,20529305.0
South Korea,2021-07-13,171911.0,1615.0,2048.0,2.0,20747856.0
South Korea,2021-07-14,173511.0,1600.0,2050.0,2.0,20982748.0
South Korea,2021-07-15,175046.0,1535.0,2051.0,1.0,21248733.0
South Korea,2021-07-16,176500.0,1454.0,2055.0,4.0,21568171.0
South Korea,2021-07-17,177951.0,1451.0,2057.0,2.0,21639626.0
South Korea,2021-07-18,179203.0,1252.0,2058.0,1.0,21642681.0
South Korea,2021-07-19,180481.0,1278.0,2059.0,1.0,21874525.0
South Korea,2021-07-20,182265.0,1784.0,2060.0,1.0,22086947.0
South Korea,2021-07-21,184103.0,1838.0,2063.0,3.0,22266307.0
South Korea,2021-07-22,185733.0,1630.0,2066.0,3.0,22466947.0
South Korea,2021-07-23,187362.0,1629.0,2068.0,2.0,22673652.0
South Korea,2021-07-24,188848.0,1486.0,2073.0,5.0,22714190.0
South Korea,2021-07-25,190166.0,1318.0,2077.0,4.0,22715948.0
South Korea,2021-07-26,191531.0,1365.0,2079.0,2.0,23400411.0
South Korea,2021-07-27,193427.0,1896.0,2083.0,4.0,23831428.0
South Korea,2021-07-28,195099.0,1672.0,2085.0,2.0,24354470.0
South Korea,2021-07-29,196806.0,1707.0,2089.0,4.0,24745736.0
South Korea,2021-07-30,198345.0,1539.0,2095.0,6.0,25303456.0
South Korea,2021-07-31,199787.0,1442.0,2098.0,3.0,25532793.0
Switzerland,2021-07-01,703176.0,172.0,10773.0,0.0,7615750.0
Switzerland,2021-07-02,703334.0,158.0,10773.0,0.0,7690050.0
Switzerland,2021-07-03,703334.0,0.0,10773.0,0.0,7737543.0
Switzerland,2021-07-04,703334.0,0.0,10774.0,1.0,7752487.0
Switzerland,2021-07-05,703783.0,449.0,10774.0,0.0,7824174.0
Switzerland,2021-07-06,704057.0,274.0,10774.0,0.0,7897532.0
Switzerland,2021-07-07,704352.0,295.0,10774.0,0.0,7968124.0
Switzerland,2021-07-08,704620.0,268.0,10774.0,0.0,8039813.0
Switzerland,2021-07-09,704943.0,323.0,10774.0,0.0,8110602.0
Switzerland,2021-07-10,704943.0,0.0,10774.0,0.0,8152760.0
Switzerland,2021-07-11,704943.0,0.0,10776.0,2.0,8164463.0
Switzerland,2021-07-12,705765.0,822.0,10776.0,0.0,8234091.0
Switzerland,2021-07-13,706248.0,483.0,10777.0,1.0,8303076.0
Switzerland,2021-07-14,706775.0,527.0,10777.0,0.0,8365184.0
Switzerland,2021-07-15,707357.0,582.0,10777.0,0.0,8426378.0
Switzerland,2021-07-16,707357.0,0.0,10777.0,0.0,8487122.0
Switzerland,2021-07-17,707976.0,619.0,10778.0,1.0,8520334.0
Switzerland,2021-07-18,707976.0,0.0,10778.0,0.0,8528199.0
Switzerland,2021-07-19,709536.0,1560.0,10778.0,0.0,8592331.0
Switzerland,2021-07-20,710243.0,707.0,10778.0,0.0,8648064.0
Switzerland,2021-07-21,711016.0,773.0,10780.0,2.0,8697798.0
Switzerland,2021-07-22,711877.0,861.0,10780.0,0.0,8742956.0
Switzerland,2021-07-23,712668.0,791.0,10780.0,0.0,8791572.0
Switzerland,2021-07-24,712668.0,0.0,10781.0,1.0,8817218.0
Switzerland,2021-07-25,712668.0,0.0,10782.0,1.0,8822113.0
Switzerland,2021-07-26,714414.0,1746.0,10784.0,2.0,8865175.0
Switzerland,2021-07-27,715267.0,853.0,10787.0,3.0,8901009.0
Switzerland,2021-07-28,716038.0,771.0,10791.0,4.0,8932945.0
Switzerland,2021-07-29,716865.0,827.0,10793.0,2.0,8963979.0
Switzerland,2021-07-30,717665.0,800.0,10793.0,0.0,8996189.0
Switzerland,2021-07-31,717665.0,0.0,10793.0,0.0,9007618.0
Thailand,2021-07-01,264834.0,5533.0,2080.0,57.0,10227183.0
Thailand,2021-07-02,270921.0,6087.0,2141.0,61.0,10572292.0
Thailand,2021-07-03,277151.0,6230.0,2182.0,41.0,10670897.0
Thailand,2021-07-04,283067.0,5916.0,2226.0,44.0,10777748.0
Thailand,2021-07-05,289233.0,6166.0,2276.0,50.0,11058390.0
Thailand,2021-07-06,294653.0,5420.0,2333.0,57.0,11328043.0
Thailand,2021-07-07,301172.0,6519.0,2387.0,54.0,11619618.0
Thailand,2021-07-08,308230.0,7058.0,2462.0,75.0,11975996.0
Thailand,2021-07-09,317506.0,9276.0,2534.0,72.0,12375904.0
Thailand,2021-07-10,326832.0,9326.0,2625.0,91.0,12469188.0
Thailand,2021-07-11,336371.0,9539.0,2711.0,86.0,12569213.0
Thailand,2021-07-12,345027.0,8656.0,2791.0,80.0,12908193.0
Thailand,2021-07-13,353712.0,8685.0,2847.0,56.0,13230681.0
Thailand,2021-07-14,363029.0,9317.0,2934.0,87.0,13533717.0
Thailand,2021-07-15,372215.0,9186.0,3032.0,98.0,13823355.0
Thailand,2021-07-16,381907.0,9692.0,3099.0,67.0,14130489.0
Thailand,2021-07-17,391989.0,10082.0,3240.0,141.0,14223762.0
Thailand,2021-07-18,403386.0,11397.0,3341.0,101.0,14298596.0
Thailand,2021-07-19,415170.0,11784.0,3422.0,81.0,14547244.0
Thailand,2021-07-20,426475.0,11305.0,3502.0,80.0,14805120.0
Thailand,2021-07-21,439477.0,13002.0,3610.0,108.0,15084696.0
Thailand,2021-07-22,453132.0,13655.0,3697.0,87.0,15388939.0
Thailand,2021-07-23,467707.0,14575.0,3811.0,114.0,15741818.0
Thailand,2021-07-24,481967.0,14260.0,3930.0,119.0,15869844.0
Thailand,2021-07-25,497302.0,15335.0,4059.0,129.0,15960778.0
Thailand,2021-07-26,512678.0,15376.0,4146.0,87.0,16099670.0
Thailand,2021-07-27,526828.0,14150.0,4264.0,118.0,16427059.0
Thailand,2021-07-28,543361.0,16533.0,4397.0,133.0,16591329.0
Thailand,2021-07-29,561030.0,17669.0,4562.0,165.0,17011477.0
Thailand,2021-07-30,578375.0,17345.0,4679.0,117.0,17491632.0
Thailand,2021-07-31,597287.0,18912.0,4857.0,178.0,17685974.0
Trinidad and Tobago,2021-07-01,33029.0,236.0,857.0,10.0,311812.0
Trinidad and Tobago,2021-07-02,33153.0,124.0,866.0,9.0,319591.0
Trinidad and Tobago,2021-07-03,33313.0,160.0,879.0,13.0,325549.0
Trinidad and Tobago,2021-07-04,33428.0,115.0,892.0,13.0,332958.0
Trinidad and Tobago,2021-07-05,33555.0,127.0,899.0,7.0,340023.0
Trinidad and Tobago,2021-07-06,33805.0,250.0,903.0,4.0,344245.0
Trinidad and Tobago,2021-07-07,33920.0,115.0,918.0,15.0,351469.0
Trinidad and Tobago,2021-07-08,34241.0,321.0,923.0,5.0,362583.0
Trinidad and Tobago,2021-07-09,34402.0,161.0,930.0,7.0,365446.0
Trinidad and Tobago,2021-07-10,34577.0,175.0,935.0,5.0,366114.0
Trinidad and Tobago,2021-07-11,34765.0,188.0,937.0,2.0,366114.0
Trinidad and Tobago,2021-07-12,34822.0,57.0,941.0,4.0,366114.0
Trinidad and Tobago,2021-07-13,35046.0,224.0,952.0,11.0,369814.0
Trinidad and Tobago,2021-07-14,35236.0,190.0,963.0,11.0,371987.0
Trinidad and Tobago,2021-07-15,35428.0,192.0,969.0,6.0,375924.0
Trinidad and Tobago,2021-07-16,35679.0,251.0,982.0,13.0,386262.0
Trinidad and Tobago,2021-07-17,35914.0,235.0,990.0,8.0,405333.0
Trinidad and Tobago,2021-07-18,36017.0,103.0,992.0,2.0,415269.0
Trinidad and Tobago,2021-07-19,36198.0,181.0,998.0,6.0,426163.0
Trinidad and Tobago,2021-07-20,36354.0,156.0,1000.0,2.0,437968.0
Trinidad and Tobago,2021-07-21,36626.0,272.0,1003.0,3.0,455365.0
Trinidad and Tobago,2021-07-22,36884.0,258.0,1018.0,15.0,473155.0
Trinidad and Tobago,2021-07-23,37065.0,181.0,1026.0,8.0,488043.0
Trinidad and Tobago,2021-07-24,37365.0,300.0,1032.0,6.0,507642.0
Trinidad and Tobago,2021-07-25,37554.0,189.0,1039.0,7.0,516761.0
Trinidad and Tobago,2021-07-26,37663.0,109.0,1043.0,4.0,531425.0
Trinidad and Tobago,2021-07-27,37771.0,108.0,1048.0,5.0,542352.0
Trinidad and Tobago,2021-07-28,38014.0,243.0,1056.0,8.0,552287.0
Trinidad and Tobago,2021-07-29,38247.0,233.0,1057.0,1.0,565499.0
Trinidad and Tobago,2021-07-30,38557.0,310.0,1070.0,13.0,574030.0
Trinidad and Tobago,2021-07-31,38811.0,254.0,1070.0,0.0,583515.0
Turkey,2021-07-01,5430940.0,5288.0,49774.0,42.0,51212188.0
Turkey,2021-07-02,5435831.0,4891.0,49829.0,55.0,52104718.0
Turkey,2021-07-03,5440368.0,4537.0,49874.0,45.0,52479924.0
Turkey,2021-07-04,5444786.0,4418.0,49924.0,50.0,53226310.0
Turkey,2021-07-05,5449464.0,4678.0,49959.0,35.0,54148190.0
Turkey,2021-07-06,5454763.0,5299.0,49996.0,37.0,55004225.0
Turkey,2021-07-07,5459923.0,5160.0,50048.0,52.0,55808670.0
Turkey,2021-07-08,5465094.0,5171.0,50096.0,48.0,56646457.0
Turkey,2021-07-09,5470764.0,5670.0,50155.0,59.0,57248834.0
Turkey,2021-07-10,5476294.0,5530.0,50192.0,37.0,57583424.0
Turkey,2021-07-11,5481555.0,5261.0,50229.0,37.0,58155459.0
Turkey,2021-07-12,5486959.0,5404.0,50278.0,49.0,59087644.0
Turkey,2021-07-13,5493244.0,6285.0,50324.0,46.0,60047995.0
Turkey,2021-07-14,5500151.0,6907.0,50367.0,43.0,61011929.0
Turkey,2021-07-15,5507455.0,7304.0,50415.0,48.0,62378829.0
Turkey,2021-07-16,5514373.0,6918.0,50450.0,35.0,62537504.0
Turkey,2021-07-17,5522039.0,7666.0,50488.0,38.0,63070377.0
Turkey,2021-07-18,5522039.0,0.0,50488.0,0.0,63432446.0
Turkey,2021-07-19,5537386.0,15347.0,50604.0,116.0,63860891.0
Turkey,2021-07-20,5546166.0,8780.0,50650.0,46.0,63929646.0
Turkey,2021-07-21,5554317.0,8151.0,50709.0,59.0,64438877.0
Turkey,2021-07-22,5563903.0,9586.0,50761.0,52.0,65102892.0
Turkey,2021-07-23,5574997.0,11094.0,50821.0,60.0,65329543.0
Turkey,2021-07-24,5587378.0,12381.0,50879.0,58.0,65783297.0
Turkey,2021-07-25,5601608.0,14230.0,50934.0,55.0,66806525.0
Turkey,2021-07-26,5618417.0,16809.0,50997.0,63.0,68082990.0
Turkey,2021-07-27,5638178.0,19761.0,51048.0,51.0,69240538.0
Turkey,2021-07-28,5660469.0,22291.0,51124.0,76.0,70436741.0
Turkey,2021-07-29,5682630.0,22161.0,51184.0,60.0,71842834.0
Turkey,2021-07-30,5704713.0,22083.0,51253.0,69.0,72929642.0
Turkey,2021-07-31,5727045.0,22332.0,51332.0,79.0,73272667.0
United Kingdom,2021-07-01,4844944.0,27646.0,128426.0,22.0,78254768.0
United Kingdom,2021-07-02,4871807.0,26863.0,128453.0,27.0,78555851.0
United Kingdom,2021-07-03,4896272.0,24465.0,128471.0,18.0,78889449.0
United Kingdom,2021-07-04,4920168.0,23896.0,128486.0,15.0,79078081.0
United Kingdom,2021-07-05,4947274.0,27106.0,128495.0,9.0,79302857.0
United Kingdom,2021-07-06,4975903.0,28629.0,128532.0,37.0,79541794.0
United Kingdom,2021-07-07,5007964.0,32061.0,128565.0,33.0,79800224.0
United Kingdom,2021-07-08,5040060.0,32096.0,128601.0,36.0,80072121.0
United Kingdom,2021-07-09,5075945.0,35885.0,128631.0,30.0,80341023.0
United Kingdom,2021-07-10,5107780.0,31835.0,128665.0,34.0,80646232.0
United Kingdom,2021-07-11,5139162.0,31382.0,128691.0,26.0,80795852.0
United Kingdom,2021-07-12,5173972.0,34810.0,128697.0,6.0,80975508.0
United Kingdom,2021-07-13,5210472.0,36500.0,128747.0,50.0,81192857.0
United Kingdom,2021-07-14,5252655.0,42183.0,128797.0,50.0,81438892.0
United Kingdom,2021-07-15,5301296.0,48641.0,128864.0,67.0,81702466.0
United Kingdom,2021-07-16,5353245.0,51949.0,128913.0,49.0,81974271.0
United Kingdom,2021-07-17,5407428.0,54183.0,128960.0,47.0,82266702.0
United Kingdom,2021-07-18,5455276.0,47848.0,128988.0,28.0,82413766.0
United Kingdom,2021-07-19,5495947.0,40671.0,129007.0,19.0,82592996.0
United Kingdom,2021-07-20,5542635.0,46688.0,129109.0,102.0,82793310.0
United Kingdom,2021-07-21,5586716.0,44081.0,129182.0,73.0,83021749.0
United Kingdom,2021-07-22,5626745.0,40029.0,129266.0,84.0,83254082.0
United Kingdom,2021-07-23,5662838.0,36093.0,129330.0,64.0,83486397.0
United Kingdom,2021-07-24,5694462.0,31624.0,129418.0,88.0,83734088.0
United Kingdom,2021-07-25,5723399.0,28937.0,129446.0,28.0,83876595.0
United Kingdom,2021-07-26,5748331.0,24932.0,129460.0,14.0,84055550.0
United Kingdom,2021-07-27,5771732.0,23401.0,129591.0,131.0,84242602.0
United Kingdom,2021-07-28,5797445.0,25713.0,129718.0,127.0,84457622.0
United Kingdom,2021-07-29,5828316.0,30871.0,129809.0,91.0,84679893.0
United Kingdom,2021-07-30,5857639.0,29323.0,129877.0,68.0,84887713.0
United Kingdom,2021-07-31,5883421.0,25782.0,129949.0,72.0,85138553.0
Uruguay,2021-07-01,370600.0,1250.0,5619.0,26.0,3998222.0
Uruguay,2021-07-02,371417.0,817.0,5642.0,23.0,4052384.0
Uruguay,2021-07-03,372178.0,761.0,5663.0,21.0,4070402.0
Uruguay,2021-07-04,372709.0,531.0,5689.0,26.0,4071314.0
Uruguay,2021-07-05,373286.0,577.0,5711.0,22.0,4122116.0
Uruguay,2021-07-06,374019.0,733.0,5735.0,24.0,4171316.0
Uruguay,2021-07-07,374665.0,646.0,5758.0,23.0,4222490.0
Uruguay,2021-07-08,375298.0,633.0,5772.0,14.0,4252311.0
Uruguay,2021-07-09,375902.0,604.0,5790.0,18.0,4278057.0
Uruguay,2021-07-10,376281.0,379.0,5807.0,17.0,4284063.0
Uruguay,2021-07-11,376579.0,298.0,5815.0,8.0,4284402.0
Uruguay,2021-07-12,376876.0,297.0,5833.0,18.0,4335917.0
Uruguay,2021-07-13,377297.0,421.0,5849.0,16.0,4380689.0
Uruguay,2021-07-14,377704.0,407.0,5854.0,5.0,4424868.0
Uruguay,2021-07-15,378041.0,337.0,5865.0,11.0,4471481.0
Uruguay,2021-07-16,378480.0,439.0,5871.0,6.0,4520403.0
Uruguay,2021-07-17,378733.0,253.0,5879.0,8.0,4527161.0
Uruguay,2021-07-18,378875.0,142.0,5883.0,4.0,4527181.0
Uruguay,2021-07-19,379072.0,197.0,5889.0,6.0,4558051.0
Uruguay,2021-07-20,379376.0,304.0,5896.0,7.0,4583787.0
Uruguay,2021-07-21,379613.0,237.0,5905.0,9.0,4607497.0
Uruguay,2021-07-22,379911.0,298.0,5913.0,8.0,4634903.0
Uruguay,2021-07-23,380151.0,240.0,5919.0,6.0,4674377.0
Uruguay,2021-07-24,380311.0,160.0,5927.0,8.0,4678747.0
Uruguay,2021-07-25,380431.0,120.0,5931.0,4.0,4679713.0
Uruguay,2021-07-26,380584.0,153.0,5936.0,5.0,4711563.0
Uruguay,2021-07-27,380793.0,209.0,5941.0,5.0,4737840.0
Uruguay,2021-07-28,380976.0,183.0,5950.0,9.0,4759771.0
Uruguay,2021-07-29,381187.0,211.0,5953.0,3.0,4779951.0
Uruguay,2021-07-30,381364.0,177.0,5959.0,6.0,4799708.0
Uruguay,2021-07-31,381517.0,153.0,5964.0,5.0,4805176.0
Vietnam,2021-07-01,17727.0,675.0,81.0,0.0,3813767.0
Vietnam,2021-07-02,18121.0,394.0,84.0,3.0,3842646.0
Vietnam,2021-07-03,19310.0,1189.0,84.0,0.0,3867407.0
Vietnam,2021-07-04,20261.0,951.0,86.0,2.0,3890855.0
Vietnam,2021-07-05,21312.0,1051.0,90.0,4.0,3903105.0
Vietnam,2021-07-06,22341.0,1029.0,97.0,7.0,3928001.0
Vietnam,2021-07-07,23385.0,1044.0,102.0,5.0,3960956.0
Vietnam,2021-07-08,24810.0,1425.0,104.0,2.0,3983800.0
Vietnam,2021-07-09,26608.0,1798.0,110.0,6.0,4010786.0
Vietnam,2021-07-10,28470.0,1862.0,112.0,2.0,4040783.0
Vietnam,2021-07-11,30478.0,2008.0,119.0,7.0,4051585.0
Vietnam,2021-07-12,32665.0,2187.0,125.0,6.0,4063872.0
Vietnam,2021-07-13,35409.0,2744.0,132.0,7.0,4079066.0
Vietnam,2021-07-14,38239.0,2830.0,138.0,6.0,4146767.0
Vietnam,2021-07-15,42288.0,4049.0,207.0,69.0,4185623.0
Vietnam,2021-07-16,46292.0,4004.0,225.0,18.0,4233896.0
Vietnam,2021-07-17,51002.0,4710.0,225.0,0.0,4261252.0
Vietnam,2021-07-18,55845.0,4843.0,254.0,29.0,4283906.0
Vietnam,2021-07-19,60180.0,4335.0,334.0,80.0,4305501.0
Vietnam,2021-07-20,65607.0,5427.0,334.0,0.0,4336833.0
Vietnam,2021-07-21,71144.0,5537.0,370.0,36.0,4367939.0
Vietnam,2021-07-22,78269.0,7125.0,370.0,0.0,4411659.0
Vietnam,2021-07-23,86957.0,8688.0,370.0,0.0,4478757.0
Vietnam,2021-07-24,94913.0,7956.0,370.0,0.0,4535741.0
Vietnam,2021-07-25,101173.0,6260.0,370.0,0.0,4613491.0
Vietnam,2021-07-26,106347.0,5174.0,524.0,154.0,4746642.0
Vietnam,2021-07-27,117121.0,10774.0,524.0,0.0,5013175.0
Vietnam,2021-07-28,123640.0,6519.0,630.0,106.0,5321839.0
Vietnam,2021-07-29,133405.0,9765.0,1022.0,392.0,5529898.0
Vietnam,2021-07-30,141122.0,7717.0,1161.0,139.0,5931376.0
Vietnam,2021-07-31,150060.0,8938.0,1306.0,145.0,6203866.0
